Date,Symbol,rk_parzen,rv5,close_price,,
20150102,.SPX,7.94E-05,8.39E-05,2058.14,,
20150105,.SPX,8.34E-05,7.00E-05,2021.07,,
20150106,.SPX,0.000129871,0.000110993,2002.2,,
20150107,.SPX,8.09E-05,8.18E-05,2025.76,,
20150108,.SPX,8.98E-05,7.16E-05,2061.945,,
20150109,.SPX,7.05E-05,6.25E-05,2045.11,,
20150112,.SPX,9.84E-05,6.72E-05,2028.59,,
20150113,.SPX,0.000230327,0.000218888,2023.03,,
20150114,.SPX,0.000132273,0.000147062,2011.13,,
20150115,.SPX,0.000113039,0.000103318,1992.76,,
20150116,.SPX,7.47E-05,6.44E-05,2018.98,,
20150120,.SPX,6.02E-05,8.37E-05,2022.45,,
20150121,.SPX,4.87E-05,0.000100139,2032.42,,
20150122,.SPX,7.31E-05,6.10E-05,2063.37,,
20150123,.SPX,2.20E-05,2.49E-05,2051.75,,
20150126,.SPX,2.90E-05,3.01E-05,2056.83,,
20150127,.SPX,0.000104944,0.000102598,2029.77,,
20150128,.SPX,0.000112307,9.28E-05,2002.52,,
20150129,.SPX,7.79E-05,8.76E-05,2021.47,,
20150130,.SPX,0.00011778,9.80E-05,1995.37,,
20150202,.SPX,0.000176156,0.000117824,2020.84,,
20150203,.SPX,8.91E-05,8.86E-05,2049.76,,
20150204,.SPX,7.14E-05,6.66E-05,2041.365,,
20150205,.SPX,3.16E-05,3.40E-05,2062.3,,
20150206,.SPX,4.47E-05,4.13E-05,2055.5,,
20150209,.SPX,2.27E-05,3.36E-05,2046.54,,
20150210,.SPX,3.15E-05,3.88E-05,2068.27,,
20150211,.SPX,2.45E-05,2.79E-05,2068.265,,
20150212,.SPX,2.07E-05,2.63E-05,2088.17,,
20150213,.SPX,1.20E-05,1.04E-05,2096.85,,
20150217,.SPX,1.62E-05,1.50E-05,2099.79,,
20150218,.SPX,1.42E-05,1.92E-05,2099.62,,
20150219,.SPX,1.93E-05,2.02E-05,2097.54,,
20150220,.SPX,3.42E-05,2.07E-05,2110.11,,
20150223,.SPX,1.34E-05,1.13E-05,2109.52,,
20150224,.SPX,1.06E-05,1.02E-05,2115.645,,
20150225,.SPX,9.98E-06,1.01E-05,2113.75,,
20150226,.SPX,1.71E-05,1.97E-05,2110.79,,
20150227,.SPX,8.16E-06,1.20E-05,2104.5,,
20150302,.SPX,1.21E-05,7.12E-06,2116.95,,
20150303,.SPX,2.50E-05,2.51E-05,2107.77,,
20150304,.SPX,5.68E-05,4.46E-05,2098.67,,
20150305,.SPX,1.27E-05,1.27E-05,2101.08,,
20150306,.SPX,5.57E-05,5.45E-05,2071.25,,
20150309,.SPX,1.42E-05,1.51E-05,2079.41,,
20150310,.SPX,8.25E-05,7.06E-05,2045.31,,
20150311,.SPX,2.40E-05,3.49E-05,2040.47,,
20150312,.SPX,5.78E-05,4.26E-05,2065.82,,
20150313,.SPX,4.70E-05,4.97E-05,2053.36,,
20150316,.SPX,3.82E-05,2.74E-05,2080.84,,
20150317,.SPX,2.98E-05,3.48E-05,2074.22,,
20150318,.SPX,0.000198875,0.000110553,2099.22,,
20150319,.SPX,2.81E-05,3.06E-05,2089.47,,
20150320,.SPX,3.83E-05,4.44E-05,2108.28,,
20150323,.SPX,1.55E-05,1.40E-05,2104.49,,
20150324,.SPX,2.06E-05,2.03E-05,2091.64,,
20150325,.SPX,5.65E-05,4.71E-05,2061.2,,
20150326,.SPX,6.31E-05,7.63E-05,2056.285,,
20150327,.SPX,1.29E-05,3.44E-05,2060.695,,
20150330,.SPX,5.70E-05,4.64E-05,2086.16,,
20150331,.SPX,3.74E-05,4.18E-05,2068.18,,
20150401,.SPX,7.54E-05,5.42E-05,2059.78,,
20150402,.SPX,3.98E-05,2.59E-05,2066.775,,
20150406,.SPX,3.36E-05,2.85E-05,2080.81,,
20150407,.SPX,2.51E-05,1.96E-05,2076.1,,
20150408,.SPX,3.68E-05,5.16E-05,2081.805,,
20150409,.SPX,2.31E-05,3.57E-05,2091.1,,
20150410,.SPX,6.63E-06,8.04E-06,2102.07,,
20150413,.SPX,1.21E-05,1.24E-05,2092.72,,
20150414,.SPX,2.95E-05,2.77E-05,2096.12,,
20150415,.SPX,2.34E-05,2.01E-05,2106.3,,
20150416,.SPX,1.41E-05,1.67E-05,2105.14,,
20150417,.SPX,6.98E-05,5.79E-05,2081.12,,
20150420,.SPX,4.26E-05,3.73E-05,2100.27,,
20150421,.SPX,1.34E-05,2.05E-05,2097.49,,
20150422,.SPX,2.08E-05,2.11E-05,2107.94,,
20150423,.SPX,2.21E-05,2.44E-05,2113.01,,
20150424,.SPX,4.68E-06,1.07E-05,2117.82,,
20150427,.SPX,1.83E-05,2.32E-05,2109.05,,
20150428,.SPX,3.90E-05,4.15E-05,2114.98,,
20150429,.SPX,4.10E-05,4.38E-05,2106.76,,
20150430,.SPX,5.70E-05,4.95E-05,2085.57,,
20150501,.SPX,4.03E-05,4.53E-05,2107.89,,
20150504,.SPX,1.71E-05,1.41E-05,2114.42,,
20150505,.SPX,3.82E-05,3.26E-05,2089.52,,
20150506,.SPX,6.89E-05,8.59E-05,2080.505,,
20150507,.SPX,2.38E-05,3.14E-05,2088.06,,
20150508,.SPX,6.26E-05,7.57E-05,2115.83,,
20150511,.SPX,1.57E-05,1.67E-05,2105.295,,
20150512,.SPX,6.55E-05,6.70E-05,2099.08,,
20150513,.SPX,3.45E-05,4.47E-05,2098.55,,
20150514,.SPX,2.10E-05,3.01E-05,2120.66,,
20150515,.SPX,6.30E-06,1.15E-05,2122.705,,
20150518,.SPX,6.46E-06,4.81E-06,2128.93,,
20150519,.SPX,1.05E-05,9.76E-06,2127.895,,
20150520,.SPX,2.19E-05,1.75E-05,2125.845,,
20150521,.SPX,9.20E-06,7.83E-06,2131.1,,
20150522,.SPX,7.66E-06,1.10E-05,2126.305,,
20150526,.SPX,3.66E-05,2.66E-05,2104.37,,
20150527,.SPX,2.02E-05,1.62E-05,2123.44,,
20150528,.SPX,1.88E-05,1.93E-05,2120.95,,
20150529,.SPX,3.81E-05,2.87E-05,2107.56,,
20150601,.SPX,2.63E-05,4.00E-05,2111.755,,
20150602,.SPX,3.71E-05,3.07E-05,2109.57,,
20150603,.SPX,2.04E-05,1.89E-05,2114.345,,
20150604,.SPX,3.77E-05,4.54E-05,2096.4,,
20150605,.SPX,3.43E-05,3.43E-05,2092.8,,
20150608,.SPX,1.61E-05,1.45E-05,2079.48,,
20150609,.SPX,2.18E-05,2.22E-05,2079.95,,
20150610,.SPX,3.74E-05,3.89E-05,2104.56,,
20150611,.SPX,1.49E-05,1.98E-05,2109.31,,
20150612,.SPX,2.99E-05,2.66E-05,2094.18,,
20150615,.SPX,6.64E-05,8.51E-05,2084.64,,
20150616,.SPX,1.45E-05,2.78E-05,2096.365,,
20150617,.SPX,4.56E-05,4.12E-05,2100.485,,
20150618,.SPX,2.98E-05,3.20E-05,2120.9,,
20150619,.SPX,1.14E-05,1.12E-05,2109.69,,
20150622,.SPX,2.81E-05,4.78E-05,2123.04,,
20150623,.SPX,7.48E-06,1.05E-05,2124.31,,
20150624,.SPX,1.48E-05,1.43E-05,2108.92,,
20150625,.SPX,1.66E-05,1.68E-05,2102.57,,
20150626,.SPX,2.07E-05,2.31E-05,2101.94,,
20150629,.SPX,4.63E-05,7.56E-05,2057.79,,
20150630,.SPX,5.15E-05,8.09E-05,2062.955,,
20150701,.SPX,4.59E-05,5.97E-05,2077.77,,
20150702,.SPX,1.40E-05,2.15E-05,2076.26,,
20150706,.SPX,4.61E-05,8.58E-05,2068.81,,
20150707,.SPX,9.80E-05,8.97E-05,2081.65,,
20150708,.SPX,7.20E-05,8.68E-05,2047.02,,
20150709,.SPX,0.000124183,0.000172045,2051.32,,
20150710,.SPX,9.90E-05,0.000126147,2076.51,,
20150713,.SPX,3.56E-05,4.65E-05,2099.44,,
20150714,.SPX,6.87E-06,5.90E-06,2108.84,,
20150715,.SPX,1.39E-05,1.35E-05,2107.8,,
20150716,.SPX,9.31E-06,1.56E-05,2124.21,,
20150717,.SPX,1.10E-05,5.88E-06,2126.48,,
20150720,.SPX,7.06E-06,8.54E-06,2128.04,,
20150721,.SPX,1.07E-05,1.06E-05,2119.13,,
20150722,.SPX,1.63E-05,1.89E-05,2114.05,,
20150723,.SPX,2.54E-05,1.60E-05,2102.265,,
20150724,.SPX,2.33E-05,1.99E-05,2079.85,,
20150727,.SPX,4.80E-05,6.02E-05,2068.06,,
20150728,.SPX,2.62E-05,2.89E-05,2093.35,,
20150729,.SPX,1.38E-05,2.02E-05,2108.42,,
20150730,.SPX,2.90E-05,2.10E-05,2108.865,,
20150731,.SPX,1.37E-05,1.47E-05,2104.8,,
20150803,.SPX,4.04E-05,3.21E-05,2098.03,,
20150804,.SPX,2.45E-05,2.33E-05,2093.35,,
20150805,.SPX,4.11E-05,4.16E-05,2099.99,,
20150806,.SPX,4.14E-05,2.93E-05,2083.81,,
20150807,.SPX,2.21E-05,3.32E-05,2077.925,,
20150810,.SPX,4.08E-05,4.57E-05,2104.1,,
20150811,.SPX,5.08E-05,6.76E-05,2084.54,,
20150812,.SPX,9.75E-05,0.000114647,2086.33,,
20150813,.SPX,3.21E-05,4.13E-05,2083.57,,
20150814,.SPX,1.52E-05,1.65E-05,2091.7,,
20150817,.SPX,4.32E-05,3.46E-05,2102.49,,
20150818,.SPX,1.04E-05,1.36E-05,2096.9,,
20150819,.SPX,0.000108724,9.02E-05,2079.85,,
20150820,.SPX,9.38E-05,0.000115234,2036.36,,
20150821,.SPX,0.000219855,0.000231386,1971.72,,
20150824,.SPX,0.001922106,0.003729658,1893.565,,
20150825,.SPX,0.000707248,0.000734803,1868.19,,
20150826,.SPX,0.000442024,0.00080794,1940.57,,
20150827,.SPX,0.000426027,0.000359679,1987.78,,
20150828,.SPX,7.19E-05,9.13E-05,1988.48,,
20150831,.SPX,9.86E-05,0.000118752,1972.05,,
20150901,.SPX,0.000355473,0.000503992,1914.21,,
20150902,.SPX,0.000166827,0.000211603,1948.73,,
20150903,.SPX,9.92E-05,9.86E-05,1950.82,,
20150904,.SPX,0.000135805,0.000207276,1921.1,,
20150908,.SPX,0.000219147,0.000215524,1969.2,,
20150909,.SPX,0.000140266,0.000124109,1942.25,,
20150910,.SPX,0.000125465,7.68E-05,1952.19,,
20150911,.SPX,5.20E-05,6.48E-05,1960.52,,
20150914,.SPX,4.23E-05,3.55E-05,1952.97,,
20150915,.SPX,3.64E-05,3.10E-05,1978.18,,
20150916,.SPX,3.85E-05,3.52E-05,1995.08,,
20150917,.SPX,0.000152523,0.000163657,1990.26,,
20150918,.SPX,0.00017149,0.000185484,1958.05,,
20150921,.SPX,9.03E-05,7.58E-05,1967.22,,
20150922,.SPX,0.000104386,0.000171024,1942.54,,
20150923,.SPX,4.82E-05,5.73E-05,1938.81,,
20150924,.SPX,0.000122354,0.000109015,1932.52,,
20150925,.SPX,0.000103116,0.000107031,1931.56,,
20150928,.SPX,0.000136779,0.000133477,1881.9,,
20150929,.SPX,0.000133626,0.00013966,1883.82,,
20150930,.SPX,0.000172694,0.00022369,1918.63,,
20151001,.SPX,8.64E-05,0.000130196,1923.65,,
20151002,.SPX,0.000216791,0.000286794,1951.16,,
20151005,.SPX,8.46E-05,7.93E-05,1986.82,,
20151006,.SPX,5.44E-05,4.66E-05,1979.97,,
20151007,.SPX,8.98E-05,8.97E-05,1995.705,,
20151008,.SPX,5.19E-05,5.06E-05,2013.35,,
20151009,.SPX,2.46E-05,2.85E-05,2014.92,,
20151012,.SPX,6.56E-06,1.41E-05,2017.23,,
20151013,.SPX,3.27E-05,3.78E-05,2003.76,,
20151014,.SPX,4.82E-05,4.69E-05,1994.06,,
20151015,.SPX,3.79E-05,2.88E-05,2023.92,,
20151016,.SPX,2.19E-05,2.63E-05,2032.95,,
20151019,.SPX,2.89E-05,2.79E-05,2034.05,,
20151020,.SPX,2.41E-05,2.54E-05,2031.23,,
20151021,.SPX,5.58E-05,5.58E-05,2019.02,,
20151022,.SPX,7.22E-05,5.87E-05,2052.54,,
20151023,.SPX,4.77E-05,7.24E-05,2075.33,,
20151026,.SPX,1.41E-05,1.46E-05,2070.94,,
20151027,.SPX,2.74E-05,3.44E-05,2066.01,,
20151028,.SPX,8.61E-05,8.85E-05,2090.15,,
20151029,.SPX,1.58E-05,2.32E-05,2089.38,,
20151030,.SPX,2.44E-05,2.85E-05,2079.51,,
20151102,.SPX,2.01E-05,1.77E-05,2103.92,,
20151103,.SPX,1.70E-05,2.34E-05,2109.87,,
20151104,.SPX,3.10E-05,3.77E-05,2102.64,,
20151105,.SPX,4.20E-05,3.41E-05,2100.12,,
20151106,.SPX,6.11E-05,3.64E-05,2099.25,,
20151109,.SPX,5.39E-05,5.80E-05,2078.8,,
20151110,.SPX,2.13E-05,3.02E-05,2082.06,,
20151111,.SPX,2.28E-05,2.24E-05,2074.9,,
20151112,.SPX,6.20E-05,7.63E-05,2046.03,,
20151113,.SPX,5.12E-05,4.45E-05,2023.15,,
20151116,.SPX,5.57E-05,5.12E-05,2053.07,,
20151117,.SPX,5.84E-05,5.66E-05,2050.49,,
20151118,.SPX,4.61E-05,5.04E-05,2083.46,,
20151119,.SPX,1.56E-05,2.16E-05,2081.19,,
20151120,.SPX,2.99E-05,3.24E-05,2089.18,,
20151123,.SPX,1.79E-05,1.88E-05,2086.64,,
20151124,.SPX,4.26E-05,4.27E-05,2089.36,,
20151125,.SPX,6.16E-06,1.02E-05,2089.01,,
20151127,.SPX,6.44E-06,6.17E-06,2090.11,,
20151130,.SPX,1.79E-05,1.96E-05,2081.34,,
20151201,.SPX,5.71E-05,3.87E-05,2102.37,,
20151202,.SPX,3.06E-05,2.70E-05,2079.78,,
20151203,.SPX,8.52E-05,7.11E-05,2050.03,,
20151204,.SPX,9.87E-05,7.14E-05,2091.14,,
20151207,.SPX,5.10E-05,6.57E-05,2077.18,,
20151208,.SPX,0.000117993,0.000164325,2063.785,,
20151209,.SPX,0.000120503,0.000110013,2047.81,,
20151210,.SPX,6.91E-05,6.10E-05,2052.31,,
20151211,.SPX,0.000136477,0.000134694,2012.32,,
20151214,.SPX,9.82E-05,0.000153609,2022.32,,
20151215,.SPX,0.00012972,0.000112569,2043.47,,
20151216,.SPX,9.59E-05,9.67E-05,2072.85,,
20151217,.SPX,9.07E-05,8.19E-05,2042.04,,
20151218,.SPX,0.000100323,9.51E-05,2005.48,,
20151221,.SPX,7.34E-05,7.87E-05,2021.09,,
20151222,.SPX,3.21E-05,4.10E-05,2039.11,,
20151223,.SPX,2.99E-05,3.41E-05,2064.28,,
20151224,.SPX,1.13E-05,7.85E-06,2060.99,,
20151228,.SPX,2.45E-05,2.97E-05,2056.6,,
20151229,.SPX,3.81E-05,4.03E-05,2078.15,,
20151230,.SPX,1.88E-05,1.91E-05,2063.24,,
20151231,.SPX,5.46E-05,4.82E-05,2043.65,,
20160104,.SPX,0.000343292,0.000347597,2012.98,,
20160105,.SPX,7.11E-05,6.26E-05,2016.93,,
20160106,.SPX,0.000166985,0.000198655,1990.615,,
20160107,.SPX,0.000223609,0.000391137,1943.15,,
20160108,.SPX,0.000127439,0.000176278,1921.74,,
20160111,.SPX,0.000201371,0.000162105,1923.42,,
20160112,.SPX,0.000182076,0.000178491,1938.84,,
20160113,.SPX,0.000146178,0.0002054,1890.28,,
20160114,.SPX,0.00026121,0.000162903,1921.31,,
20160115,.SPX,0.000433428,0.00050904,1880.1,,
20160119,.SPX,0.00016556,0.000199951,1881.34,,
20160120,.SPX,0.000555076,0.000436934,1859.48,,
20160121,.SPX,0.000238975,0.000297231,1868.72,,
20160122,.SPX,0.000147954,0.000182307,1906.82,,
20160125,.SPX,7.52E-05,7.11E-05,1877.38,,
20160126,.SPX,8.30E-05,0.000128348,1903.61,,
20160127,.SPX,0.000205816,0.000201177,1883.12,,
20160128,.SPX,0.000203185,0.00025759,1893.06,,
20160129,.SPX,9.87E-05,7.44E-05,1938.25,,
20160201,.SPX,7.95E-05,0.000122926,1938.85,,
20160202,.SPX,0.000151352,0.000120066,1903.01,,
20160203,.SPX,0.000320442,0.000275962,1912.58,,
20160204,.SPX,0.000146462,0.0001841,1915.38,,
20160205,.SPX,0.000109628,0.000142048,1879.91,,
20160208,.SPX,0.000248282,0.000293488,1853.62,,
20160209,.SPX,0.000207678,0.000297181,1852.52,,
20160210,.SPX,0.000128541,0.000165026,1851.68,,
20160211,.SPX,0.000312952,0.000305049,1828.64,,
20160212,.SPX,9.33E-05,9.70E-05,1864.41,,
20160216,.SPX,8.93E-05,9.25E-05,1895.08,,
20160217,.SPX,6.80E-05,7.35E-05,1926.54,,
20160218,.SPX,3.41E-05,4.35E-05,1917.61,,
20160219,.SPX,5.89E-05,7.01E-05,1917.57,,
20160222,.SPX,8.18E-05,6.74E-05,1945.23,,
20160223,.SPX,5.24E-05,4.97E-05,1921.27,,
20160224,.SPX,0.000180168,0.000186458,1929.57,,
20160225,.SPX,4.86E-05,6.79E-05,1951.75,,
20160226,.SPX,4.65E-05,5.54E-05,1947.89,,
20160229,.SPX,4.84E-05,4.79E-05,1931.82,,
20160301,.SPX,6.41E-05,6.45E-05,1977.97,,
20160302,.SPX,4.95E-05,4.26E-05,1986.15,,
20160303,.SPX,2.85E-05,2.81E-05,1993.36,,
20160304,.SPX,5.35E-05,4.07E-05,1999.61,,
20160307,.SPX,4.46E-05,5.03E-05,2001.57,,
20160308,.SPX,5.18E-05,7.15E-05,1979.44,,
20160309,.SPX,4.02E-05,5.71E-05,1988.96,,
20160310,.SPX,0.00011373,0.000110859,1989.65,,
20160311,.SPX,5.38E-05,6.09E-05,2021.92,,
20160314,.SPX,1.67E-05,1.95E-05,2019.46,,
20160315,.SPX,2.97E-05,3.28E-05,2015.84,,
20160316,.SPX,4.38E-05,7.38E-05,2027.61,,
20160317,.SPX,2.81E-05,2.33E-05,2040.6,,
20160318,.SPX,2.07E-05,2.60E-05,2049.14,,
20160321,.SPX,1.62E-05,1.75E-05,2051.49,,
20160322,.SPX,2.43E-05,2.67E-05,2050.04,,
20160323,.SPX,2.16E-05,2.19E-05,2036.72,,
20160324,.SPX,2.94E-05,3.59E-05,2035.98,,
20160328,.SPX,1.79E-05,1.57E-05,2037.06,,
20160329,.SPX,4.29E-05,3.10E-05,2055.21,,
20160330,.SPX,3.76E-05,3.05E-05,2064.03,,
20160331,.SPX,9.64E-06,1.39E-05,2059.73,,
20160401,.SPX,5.80E-05,5.15E-05,2072.89,,
20160404,.SPX,1.98E-05,1.80E-05,2066,,
20160405,.SPX,6.91E-05,6.34E-05,2045.31,,
20160406,.SPX,3.89E-05,3.07E-05,2066.79,,
20160407,.SPX,5.17E-05,5.98E-05,2042.06,,
20160408,.SPX,4.66E-05,4.64E-05,2047.6,,
20160411,.SPX,4.54E-05,3.77E-05,2042.11,,
20160412,.SPX,4.29E-05,3.77E-05,2061.78,,
20160413,.SPX,2.60E-05,3.37E-05,2082.45,,
20160414,.SPX,9.57E-06,1.63E-05,2082.53,,
20160415,.SPX,6.85E-06,6.11E-06,2080.45,,
20160418,.SPX,2.34E-05,2.09E-05,2094.36,,
20160419,.SPX,2.11E-05,2.00E-05,2100.79,,
20160420,.SPX,1.79E-05,1.54E-05,2102.41,,
20160421,.SPX,1.68E-05,2.39E-05,2091.61,,
20160422,.SPX,2.48E-05,2.23E-05,2091.67,,
20160425,.SPX,1.89E-05,2.17E-05,2087.92,,
20160426,.SPX,1.98E-05,1.72E-05,2091.48,,
20160427,.SPX,3.08E-05,3.06E-05,2095.51,,
20160428,.SPX,4.73E-05,3.65E-05,2076.205,,
20160429,.SPX,6.35E-05,5.23E-05,2065.51,,
20160502,.SPX,1.69E-05,2.31E-05,2081.4,,
20160503,.SPX,5.24E-05,5.19E-05,2063.4,,
20160504,.SPX,4.62E-05,3.55E-05,2051.17,,
20160505,.SPX,2.80E-05,3.41E-05,2050.5,,
20160506,.SPX,3.76E-05,4.30E-05,2057.2,,
20160509,.SPX,2.30E-05,2.19E-05,2058.89,,
20160510,.SPX,2.27E-05,2.06E-05,2084.39,,
20160511,.SPX,2.57E-05,2.24E-05,2064.62,,
20160512,.SPX,4.03E-05,4.74E-05,2064.46,,
20160513,.SPX,3.14E-05,3.36E-05,2046.55,,
20160516,.SPX,2.52E-05,2.01E-05,2066.61,,
20160517,.SPX,4.42E-05,3.56E-05,2046.93,,
20160518,.SPX,0.000112307,9.16E-05,2047.42,,
20160519,.SPX,6.09E-05,6.47E-05,2039.94,,
20160520,.SPX,3.58E-05,2.62E-05,2052.15,,
20160523,.SPX,1.03E-05,1.12E-05,2048.43,,
20160524,.SPX,3.66E-05,2.79E-05,2075.97,,
20160525,.SPX,2.74E-05,2.24E-05,2090.18,,
20160526,.SPX,8.86E-06,1.17E-05,2090.08,,
20160527,.SPX,8.25E-06,8.90E-06,2098.71,,
20160531,.SPX,2.24E-05,1.73E-05,2096.7,,
20160601,.SPX,2.85E-05,2.96E-05,2099.22,,
20160602,.SPX,1.51E-05,1.80E-05,2104.91,,
20160603,.SPX,4.18E-05,3.53E-05,2099.07,,
20160606,.SPX,1.97E-05,1.55E-05,2109.35,,
20160607,.SPX,8.19E-06,6.75E-06,2112.42,,
20160608,.SPX,1.68E-05,1.02E-05,2119.15,,
20160609,.SPX,1.18E-05,1.99E-05,2115.57,,
20160610,.SPX,4.52E-05,3.83E-05,2096.22,,
20160613,.SPX,2.70E-05,2.74E-05,2079.17,,
20160614,.SPX,4.25E-05,3.89E-05,2075.39,,
20160615,.SPX,3.43E-05,2.43E-05,2072.04,,
20160616,.SPX,6.08E-05,5.51E-05,2078.09,,
20160617,.SPX,2.97E-05,2.96E-05,2071.22,,
20160620,.SPX,6.70E-05,7.53E-05,2083.45,,
20160621,.SPX,1.53E-05,2.36E-05,2088.82,,
20160622,.SPX,2.34E-05,2.58E-05,2085.48,,
20160623,.SPX,2.70E-05,3.42E-05,2112.95,,
20160624,.SPX,0.000495492,0.000628418,2037.28,,
20160627,.SPX,0.00015491,0.000128667,2000.6,,
20160628,.SPX,9.36E-05,8.36E-05,2035.91,,
20160629,.SPX,3.52E-05,6.33E-05,2070.5,,
20160630,.SPX,3.77E-05,3.44E-05,2098.93,,
20160701,.SPX,1.80E-05,1.51E-05,2102.62,,
20160705,.SPX,2.77E-05,2.78E-05,2088.23,,
20160706,.SPX,5.20E-05,4.77E-05,2099.61,,
20160707,.SPX,3.22E-05,2.95E-05,2097.7,,
20160708,.SPX,1.98E-05,1.53E-05,2129.38,,
20160711,.SPX,1.64E-05,1.86E-05,2136.94,,
20160712,.SPX,3.03E-05,3.14E-05,2152.05,,
20160713,.SPX,1.33E-05,1.32E-05,2152.21,,
20160714,.SPX,1.70E-05,2.72E-05,2163.5,,
20160715,.SPX,9.97E-06,1.12E-05,2161.39,,
20160718,.SPX,6.70E-06,6.39E-06,2166.77,,
20160719,.SPX,6.43E-06,6.95E-06,2163.79,,
20160720,.SPX,6.84E-06,5.12E-06,2173.11,,
20160721,.SPX,1.30E-05,1.14E-05,2164.99,,
20160722,.SPX,6.88E-06,7.00E-06,2174.75,,
20160725,.SPX,1.15E-05,1.07E-05,2168.54,,
20160726,.SPX,2.64E-05,2.03E-05,2169.15,,
20160727,.SPX,1.83E-05,2.30E-05,2166.98,,
20160728,.SPX,1.81E-05,2.40E-05,2169.94,,
20160729,.SPX,1.66E-05,1.61E-05,2173.28,,
20160801,.SPX,2.26E-05,2.21E-05,2170.68,,
20160802,.SPX,3.00E-05,2.49E-05,2157.09,,
20160803,.SPX,7.32E-06,1.18E-05,2163.42,,
20160804,.SPX,1.27E-05,1.12E-05,2164.37,,
20160805,.SPX,1.27E-05,9.67E-06,2182.36,,
20160808,.SPX,4.19E-06,5.62E-06,2180.77,,
20160809,.SPX,6.43E-06,5.15E-06,2181.67,,
20160810,.SPX,1.35E-05,1.06E-05,2175.52,,
20160811,.SPX,1.29E-05,1.17E-05,2185.75,,
20160812,.SPX,5.08E-06,5.26E-06,2183.78,,
20160815,.SPX,6.17E-06,3.90E-06,2190.16,,
20160816,.SPX,1.44E-05,1.15E-05,2178.26,,
20160817,.SPX,1.83E-05,1.64E-05,2181.93,,
20160818,.SPX,4.96E-06,6.16E-06,2186.82,,
20160819,.SPX,1.86E-05,1.41E-05,2183.65,,
20160822,.SPX,3.04E-05,2.26E-05,2182.7,,
20160823,.SPX,6.25E-06,6.63E-06,2186.91,,
20160824,.SPX,1.15E-05,1.07E-05,2175.76,,
20160825,.SPX,9.65E-06,1.54E-05,2172.73,,
20160826,.SPX,6.73E-05,3.76E-05,2169.36,,
20160829,.SPX,1.28E-05,8.60E-06,2180.42,,
20160830,.SPX,9.93E-06,1.41E-05,2176.14,,
20160831,.SPX,1.39E-05,1.27E-05,2170.76,,
20160901,.SPX,3.93E-05,2.44E-05,2170.61,,
20160902,.SPX,1.45E-05,1.47E-05,2179.93,,
20160906,.SPX,1.17E-05,1.05E-05,2186.5,,
20160907,.SPX,7.05E-06,7.13E-06,2186.14,,
20160908,.SPX,6.24E-06,8.72E-06,2181.14,,
20160909,.SPX,4.83E-05,4.41E-05,2128.19,,
20160912,.SPX,6.51E-05,5.66E-05,2159.06,,
20160913,.SPX,7.73E-05,9.40E-05,2127.02,,
20160914,.SPX,4.40E-05,4.68E-05,2125.85,,
20160915,.SPX,3.56E-05,3.73E-05,2147.27,,
20160916,.SPX,4.14E-05,4.27E-05,2138.93,,
20160919,.SPX,3.59E-05,2.43E-05,2139.15,,
20160920,.SPX,1.37E-05,1.95E-05,2139.58,,
20160921,.SPX,4.98E-05,3.35E-05,2163.04,,
20160922,.SPX,2.15E-05,2.32E-05,2176.91,,
20160923,.SPX,7.95E-06,1.17E-05,2164.92,,
20160926,.SPX,2.22E-05,2.11E-05,2146.51,,
20160927,.SPX,2.57E-05,2.46E-05,2159.89,,
20160928,.SPX,2.76E-05,2.30E-05,2171.12,,
20160929,.SPX,7.96E-05,4.63E-05,2151.12,,
20160930,.SPX,2.59E-05,3.08E-05,2168,,
20161003,.SPX,1.54E-05,1.71E-05,2160.97,,
20161004,.SPX,4.99E-05,4.33E-05,2150.54,,
20161005,.SPX,9.98E-06,1.23E-05,2159.625,,
20161006,.SPX,1.68E-05,1.77E-05,2160.8,,
20161007,.SPX,4.10E-05,2.74E-05,2153.74,,
20161010,.SPX,1.40E-05,1.12E-05,2163.64,,
20161011,.SPX,4.19E-05,3.42E-05,2136.96,,
20161012,.SPX,1.75E-05,1.83E-05,2139.4,,
20161013,.SPX,4.83E-05,3.79E-05,2132.74,,
20161014,.SPX,3.16E-05,2.65E-05,2133.19,,
20161017,.SPX,1.23E-05,1.51E-05,2126.44,,
20161018,.SPX,8.98E-06,1.67E-05,2139.42,,
20161019,.SPX,9.06E-06,7.42E-06,2144.38,,
20161020,.SPX,3.54E-05,2.93E-05,2141.18,,
20161021,.SPX,1.84E-05,2.03E-05,2141,,
20161024,.SPX,8.78E-06,1.15E-05,2150.88,,
20161025,.SPX,1.07E-05,1.04E-05,2143.36,,
20161026,.SPX,2.08E-05,2.29E-05,2139.53,,
20161027,.SPX,2.23E-05,2.28E-05,2133.36,,
20161028,.SPX,5.85E-05,5.88E-05,2126.48,,
20161031,.SPX,7.92E-06,1.41E-05,2126.26,,
20161101,.SPX,3.81E-05,3.54E-05,2111.74,,
20161102,.SPX,2.68E-05,4.40E-05,2098.06,,
20161103,.SPX,1.47E-05,1.83E-05,2088.72,,
20161104,.SPX,2.48E-05,3.17E-05,2085.38,,
20161107,.SPX,6.18E-05,5.82E-05,2131.37,,
20161108,.SPX,3.84E-05,3.16E-05,2139.72,,
20161109,.SPX,0.000130068,0.000121685,2163.01,,
20161110,.SPX,0.000104299,0.00011263,2167.67,,
20161111,.SPX,2.30E-05,3.14E-05,2164.18,,
20161114,.SPX,2.48E-05,2.74E-05,2164.41,,
20161115,.SPX,1.05E-05,1.11E-05,2180.43,,
20161116,.SPX,6.32E-06,1.45E-05,2176.95,,
20161117,.SPX,9.28E-06,6.83E-06,2187.08,,
20161118,.SPX,6.88E-06,9.49E-06,2182.03,,
20161121,.SPX,1.21E-05,9.26E-06,2198.195,,
20161122,.SPX,8.24E-06,8.51E-06,2202.78,,
20161123,.SPX,6.44E-06,7.50E-06,2204.53,,
20161125,.SPX,2.55E-06,1.99E-06,2213.35,,
20161128,.SPX,8.94E-06,9.72E-06,2201.93,,
20161129,.SPX,1.16E-05,9.15E-06,2204.775,,
20161130,.SPX,3.29E-05,2.80E-05,2199.28,,
20161201,.SPX,1.32E-05,2.13E-05,2191.06,,
20161202,.SPX,1.13E-05,1.46E-05,2192.08,,
20161205,.SPX,1.15E-05,8.43E-06,2204.71,,
20161206,.SPX,8.08E-06,8.86E-06,2212.27,,
20161207,.SPX,2.23E-05,2.27E-05,2240.77,,
20161208,.SPX,1.63E-05,1.62E-05,2245.99,,
20161209,.SPX,8.91E-06,8.40E-06,2259.54,,
20161212,.SPX,1.22E-05,1.45E-05,2256.96,,
20161213,.SPX,2.06E-05,1.52E-05,2271.63,,
20161214,.SPX,6.61E-05,7.83E-05,2253.38,,
20161215,.SPX,3.34E-05,2.87E-05,2261.98,,
20161216,.SPX,1.34E-05,2.10E-05,2257.99,,
20161219,.SPX,1.22E-05,9.54E-06,2262.61,,
20161220,.SPX,9.03E-06,8.16E-06,2270.66,,
20161221,.SPX,2.34E-06,3.82E-06,2265.28,,
20161222,.SPX,7.60E-06,6.42E-06,2260.99,,
20161223,.SPX,1.65E-06,2.61E-06,2263.56,,
20161227,.SPX,7.32E-06,5.59E-06,2268.83,,
20161228,.SPX,2.13E-05,1.24E-05,2249.99,,
20161229,.SPX,1.06E-05,1.16E-05,2249.43,,
20161230,.SPX,2.25E-05,2.20E-05,2239.79,,
20170103,.SPX,3.62E-05,3.53E-05,2257.47,,
20170104,.SPX,7.88E-06,1.33E-05,2270.64,,
20170105,.SPX,9.99E-06,1.18E-05,2269.02,,
20170106,.SPX,1.68E-05,1.50E-05,2277.18,,
20170109,.SPX,5.98E-06,8.06E-06,2269.23,,
20170110,.SPX,1.45E-05,1.26E-05,2268.97,,
20170111,.SPX,3.92E-05,2.88E-05,2275.12,,
20170112,.SPX,2.43E-05,2.37E-05,2270.3,,
20170113,.SPX,8.63E-06,8.46E-06,2274.56,,
20170117,.SPX,1.29E-05,9.54E-06,2267.81,,
20170118,.SPX,5.19E-06,1.12E-05,2271.81,,
20170119,.SPX,1.21E-05,1.54E-05,2263.62,,
20170120,.SPX,1.67E-05,2.06E-05,2271.12,,
20170123,.SPX,1.50E-05,1.83E-05,2265.42,,
20170124,.SPX,7.70E-06,7.74E-06,2279.99,,
20170125,.SPX,6.60E-06,8.64E-06,2298.44,,
20170126,.SPX,3.47E-06,8.72E-06,2296.68,,
20170127,.SPX,5.17E-06,6.60E-06,2294.47,,
20170130,.SPX,2.82E-05,2.01E-05,2280.49,,
20170131,.SPX,1.41E-05,1.71E-05,2278.95,,
20170201,.SPX,2.09E-05,2.06E-05,2279.32,,
20170202,.SPX,2.14E-05,1.62E-05,2280.82,,
20170203,.SPX,6.17E-06,8.05E-06,2297.09,,
20170206,.SPX,3.65E-06,6.25E-06,2292.54,,
20170207,.SPX,7.94E-06,7.60E-06,2292.82,,
20170208,.SPX,7.39E-06,1.22E-05,2294.59,,
20170209,.SPX,7.78E-06,6.33E-06,2307.67,,
20170210,.SPX,3.40E-06,4.69E-06,2316.25,,
20170213,.SPX,4.15E-06,4.92E-06,2328.18,,
20170214,.SPX,8.11E-06,1.08E-05,2337.39,,
20170215,.SPX,9.34E-06,9.09E-06,2349.05,,
20170216,.SPX,1.66E-05,2.22E-05,2347.13,,
20170217,.SPX,4.61E-06,8.15E-06,2350.86,,
20170221,.SPX,1.28E-05,1.12E-05,2364.92,,
20170222,.SPX,4.50E-06,6.91E-06,2362.52,,
20170223,.SPX,1.21E-05,1.07E-05,2363.71,,
20170224,.SPX,8.95E-06,1.48E-05,2366.94,,
20170227,.SPX,4.85E-06,8.36E-06,2369.71,,
20170228,.SPX,9.13E-06,8.16E-06,2363.91,,
20170301,.SPX,1.52E-05,1.42E-05,2395.8,,
20170302,.SPX,1.05E-05,1.50E-05,2381.58,,
20170303,.SPX,6.16E-06,9.85E-06,2382.63,,
20170306,.SPX,9.81E-06,9.35E-06,2375.46,,
20170307,.SPX,1.21E-05,9.59E-06,2368.17,,
20170308,.SPX,1.31E-05,1.13E-05,2363.11,,
20170309,.SPX,1.62E-05,1.22E-05,2365.01,,
20170310,.SPX,1.19E-05,1.39E-05,2372.96,,
20170313,.SPX,3.49E-06,5.46E-06,2373.64,,
20170314,.SPX,1.18E-05,1.44E-05,2365.37,,
20170315,.SPX,1.94E-05,1.85E-05,2384.63,,
20170316,.SPX,9.94E-06,1.04E-05,2381.19,,
20170317,.SPX,5.43E-06,6.39E-06,2377.94,,
20170320,.SPX,1.26E-05,1.20E-05,2373.46,,
20170321,.SPX,5.47E-05,4.20E-05,2343.93,,
20170322,.SPX,2.27E-05,2.87E-05,2348.53,,
20170323,.SPX,2.39E-05,2.61E-05,2346.04,,
20170324,.SPX,2.91E-05,2.56E-05,2344.34,,
20170327,.SPX,2.29E-05,2.29E-05,2341.61,,
20170328,.SPX,2.30E-05,2.17E-05,2358.55,,
20170329,.SPX,7.60E-06,1.04E-05,2361.22,,
20170330,.SPX,1.00E-05,8.99E-06,2368.07,,
20170331,.SPX,1.18E-05,1.17E-05,2362.65,,
20170403,.SPX,2.98E-05,2.44E-05,2358.95,,
20170404,.SPX,1.10E-05,1.31E-05,2360,,
20170405,.SPX,4.32E-05,3.86E-05,2352.8,,
20170406,.SPX,1.55E-05,2.62E-05,2357.61,,
20170407,.SPX,1.41E-05,2.02E-05,2355.68,,
20170410,.SPX,2.80E-05,2.33E-05,2357.12,,
20170411,.SPX,2.95E-05,3.17E-05,2353.96,,
20170412,.SPX,1.26E-05,2.28E-05,2344.74,,
20170413,.SPX,2.11E-05,2.39E-05,2329.13,,
20170417,.SPX,1.10E-05,1.27E-05,2349.1,,
20170418,.SPX,1.62E-05,1.84E-05,2342.16,,
20170419,.SPX,1.28E-05,1.31E-05,2337.94,,
20170420,.SPX,1.46E-05,1.26E-05,2356.03,,
20170421,.SPX,1.40E-05,1.45E-05,2348.93,,
20170424,.SPX,5.04E-06,8.46E-06,2374.08,,
20170425,.SPX,9.55E-06,7.23E-06,2388.59,,
20170426,.SPX,1.65E-05,2.22E-05,2387.55,,
20170427,.SPX,1.02E-05,1.08E-05,2388.89,,
20170428,.SPX,6.79E-06,8.86E-06,2384.05,,
20170501,.SPX,8.96E-06,7.53E-06,2389,,
20170502,.SPX,6.27E-06,5.84E-06,2390.84,,
20170503,.SPX,9.69E-06,8.22E-06,2387.84,,
20170504,.SPX,1.63E-05,1.37E-05,2389.49,,
20170505,.SPX,4.37E-06,5.58E-06,2399.22,,
20170508,.SPX,4.58E-06,6.95E-06,2398.91,,
20170509,.SPX,7.49E-06,6.50E-06,2396.83,,
20170510,.SPX,3.48E-06,4.80E-06,2399.45,,
20170511,.SPX,1.76E-05,1.16E-05,2394.59,,
20170512,.SPX,3.89E-06,5.47E-06,2390.61,,
20170515,.SPX,7.19E-06,5.49E-06,2402.32,,
20170516,.SPX,6.87E-06,7.59E-06,2400.57,,
20170517,.SPX,3.79E-05,3.25E-05,2357.45,,
20170518,.SPX,3.98E-05,4.33E-05,2365.73,,
20170519,.SPX,1.75E-05,1.34E-05,2381.57,,
20170522,.SPX,6.77E-06,6.39E-06,2393.89,,
20170523,.SPX,4.82E-06,5.32E-06,2398.6,,
20170524,.SPX,4.37E-06,4.92E-06,2404.28,,
20170525,.SPX,8.22E-06,8.54E-06,2414.99,,
20170526,.SPX,2.70E-06,3.64E-06,2415.53,,
20170530,.SPX,3.72E-06,4.36E-06,2412.86,,
20170531,.SPX,2.04E-05,1.44E-05,2411.71,,
20170601,.SPX,7.80E-06,8.03E-06,2429.91,,
20170602,.SPX,5.57E-06,7.17E-06,2438.16,,
20170605,.SPX,4.79E-06,4.83E-06,2436.27,,
20170606,.SPX,8.98E-06,8.53E-06,2429.44,,
20170607,.SPX,8.31E-06,8.59E-06,2433.1,,
20170608,.SPX,1.10E-05,1.30E-05,2433.82,,
20170609,.SPX,3.99E-05,3.60E-05,2431.23,,
20170612,.SPX,1.38E-05,1.99E-05,2429.5,,
20170613,.SPX,6.23E-06,8.02E-06,2440.34,,
20170614,.SPX,1.54E-05,2.04E-05,2437.86,,
20170615,.SPX,1.26E-05,1.66E-05,2432.53,,
20170616,.SPX,7.90E-06,1.12E-05,2433.05,,
20170619,.SPX,7.02E-06,5.88E-06,2453.06,,
20170620,.SPX,9.77E-06,1.02E-05,2437.18,,
20170621,.SPX,1.38E-05,1.29E-05,2435.93,,
20170622,.SPX,8.67E-06,7.23E-06,2434.66,,
20170623,.SPX,8.37E-06,8.26E-06,2438.13,,
20170626,.SPX,1.55E-05,1.42E-05,2439.02,,
20170627,.SPX,2.08E-05,1.95E-05,2419.73,,
20170628,.SPX,8.09E-06,1.63E-05,2440.46,,
20170629,.SPX,4.20E-05,4.78E-05,2419.78,,
20170630,.SPX,1.84E-05,1.92E-05,2423.51,,
20170703,.SPX,1.11E-05,1.16E-05,2429.01,,
20170705,.SPX,1.50E-05,1.21E-05,2432.57,,
20170706,.SPX,1.69E-05,2.00E-05,2410.09,,
20170707,.SPX,8.56E-06,9.22E-06,2425.04,,
20170710,.SPX,4.41E-06,6.29E-06,2427.63,,
20170711,.SPX,2.52E-05,2.04E-05,2425.72,,
20170712,.SPX,8.52E-06,9.84E-06,2443.48,,
20170713,.SPX,4.36E-06,4.75E-06,2448.04,,
20170714,.SPX,7.07E-06,4.74E-06,2459.22,,
20170717,.SPX,2.52E-06,3.13E-06,2459.02,,
20170718,.SPX,6.21E-06,8.87E-06,2460.68,,
20170719,.SPX,2.86E-06,3.93E-06,2473.5,,
20170720,.SPX,8.96E-06,8.16E-06,2474.03,,
20170721,.SPX,4.09E-06,4.65E-06,2472.32,,
20170724,.SPX,3.45E-06,3.53E-06,2470.93,,
20170725,.SPX,2.22E-06,3.94E-06,2477.23,,
20170726,.SPX,2.55E-06,5.84E-06,2477.84,,
20170727,.SPX,3.11E-05,2.63E-05,2475.45,,
20170728,.SPX,3.93E-06,7.68E-06,2472.1,,
20170731,.SPX,9.48E-06,7.64E-06,2470.87,,
20170801,.SPX,5.62E-06,6.85E-06,2476.18,,
20170802,.SPX,1.38E-05,1.32E-05,2477.16,,
20170803,.SPX,5.47E-06,7.12E-06,2472.05,,
20170804,.SPX,8.91E-06,7.72E-06,2476.36,,
20170807,.SPX,9.99E-07,1.95E-06,2480.75,,
20170808,.SPX,1.67E-05,1.07E-05,2474.92,,
20170809,.SPX,9.92E-06,1.83E-05,2473.92,,
20170810,.SPX,3.30E-05,3.07E-05,2438.29,,
20170811,.SPX,1.28E-05,1.62E-05,2441.42,,
20170814,.SPX,1.08E-05,1.02E-05,2465.28,,
20170815,.SPX,8.33E-06,7.60E-06,2464.76,,
20170816,.SPX,9.30E-06,9.60E-06,2468.18,,
20170817,.SPX,3.53E-05,3.21E-05,2430.26,,
20170818,.SPX,2.74E-05,2.91E-05,2425.52,,
20170821,.SPX,1.36E-05,1.45E-05,2428.22,,
20170822,.SPX,1.50E-05,1.11E-05,2452.49,,
20170823,.SPX,5.81E-06,1.12E-05,2444.04,,
20170824,.SPX,2.27E-05,1.67E-05,2438.94,,
20170825,.SPX,1.42E-05,1.24E-05,2443.49,,
20170828,.SPX,7.36E-06,7.44E-06,2444.05,,
20170829,.SPX,9.75E-06,9.14E-06,2446.42,,
20170830,.SPX,6.04E-06,7.95E-06,2457.42,,
20170831,.SPX,9.78E-06,8.28E-06,2471.6,,
20170901,.SPX,4.63E-06,6.81E-06,2476.34,,
20170905,.SPX,2.76E-05,3.45E-05,2457.92,,
20170906,.SPX,5.59E-06,7.19E-06,2465.8,,
20170907,.SPX,1.20E-05,1.22E-05,2465.16,,
20170908,.SPX,4.91E-06,6.87E-06,2461.68,,
20170911,.SPX,8.59E-06,7.79E-06,2487.98,,
20170912,.SPX,3.68E-06,4.60E-06,2496.77,,
20170913,.SPX,2.44E-06,3.46E-06,2498.14,,
20170914,.SPX,3.00E-06,4.20E-06,2496.21,,
20170915,.SPX,2.34E-06,3.56E-06,2499.81,,
20170918,.SPX,6.78E-06,5.15E-06,2504.12,,
20170919,.SPX,2.31E-06,4.39E-06,2506.73,,
20170920,.SPX,1.29E-05,1.02E-05,2508.08,,
20170921,.SPX,7.58E-06,7.74E-06,2500.88,,
20170922,.SPX,3.09E-06,3.48E-06,2501.73,,
20170925,.SPX,1.68E-05,1.35E-05,2496.65,,
20170926,.SPX,5.52E-06,6.56E-06,2497.2,,
20170927,.SPX,1.33E-05,1.10E-05,2507.17,,
20170928,.SPX,4.39E-06,5.15E-06,2509.86,,
20170929,.SPX,3.05E-06,4.90E-06,2518.95,,
20171002,.SPX,4.76E-06,5.47E-06,2529.16,,
20171003,.SPX,1.44E-06,4.27E-06,2534.68,,
20171004,.SPX,3.44E-06,5.12E-06,2537.73,,
20171005,.SPX,3.77E-06,4.01E-06,2552.18,,
20171006,.SPX,3.16E-06,4.67E-06,2548.93,,
20171009,.SPX,4.76E-06,3.78E-06,2544.61,,
20171010,.SPX,6.54E-06,7.18E-06,2550.8,,
20171011,.SPX,1.83E-06,3.46E-06,2555.04,,
20171012,.SPX,4.88E-06,3.95E-06,2550.52,,
20171013,.SPX,3.87E-06,3.57E-06,2553.61,,
20171016,.SPX,4.23E-06,3.88E-06,2557.5,,
20171017,.SPX,2.71E-06,2.34E-06,2559.4,,
20171018,.SPX,2.46E-06,3.09E-06,2561.21,,
20171019,.SPX,7.82E-06,5.47E-06,2562.35,,
20171020,.SPX,2.77E-06,4.28E-06,2574.92,,
20171023,.SPX,3.95E-06,4.96E-06,2565.38,,
20171024,.SPX,3.01E-06,6.35E-06,2569.32,,
20171025,.SPX,2.49E-05,2.21E-05,2557.2,,
20171026,.SPX,1.08E-05,1.24E-05,2560.4,,
20171027,.SPX,8.80E-06,1.29E-05,2581.09,,
20171030,.SPX,1.05E-05,1.02E-05,2572.72,,
20171031,.SPX,3.19E-06,3.84E-06,2575.15,,
20171101,.SPX,9.36E-06,9.89E-06,2579.35,,
20171102,.SPX,2.48E-05,1.61E-05,2579.82,,
20171103,.SPX,4.45E-06,4.47E-06,2587.84,,
20171106,.SPX,2.07E-06,3.09E-06,2591.19,,
20171107,.SPX,1.03E-05,8.33E-06,2589.63,,
20171108,.SPX,4.13E-06,5.65E-06,2594.36,,
20171109,.SPX,2.73E-05,2.77E-05,2584.72,,
20171110,.SPX,4.10E-06,6.88E-06,2582.42,,
20171113,.SPX,6.61E-06,4.79E-06,2584.92,,
20171114,.SPX,1.89E-05,1.93E-05,2578.84,,
20171115,.SPX,2.27E-05,2.23E-05,2564.85,,
20171116,.SPX,8.04E-06,8.05E-06,2585.67,,
20171117,.SPX,1.94E-06,5.45E-06,2578.77,,
20171120,.SPX,1.96E-06,4.60E-06,2582.26,,
20171121,.SPX,6.28E-06,4.81E-06,2599.24,,
20171122,.SPX,2.37E-06,2.82E-06,2597.09,,
20171124,.SPX,9.00E-07,1.22E-06,2602.42,,
20171127,.SPX,5.31E-06,4.66E-06,2601.5,,
20171128,.SPX,1.85E-05,1.10E-05,2627.27,,
20171129,.SPX,1.43E-05,1.61E-05,2626,,
20171130,.SPX,2.86E-05,2.73E-05,2647.2,,
20171201,.SPX,0.000117479,8.88E-05,2641.78,,
20171204,.SPX,2.51E-05,2.27E-05,2639.04,,
20171205,.SPX,1.56E-05,1.64E-05,2629.45,,
20171206,.SPX,8.99E-06,1.30E-05,2629.39,,
20171207,.SPX,1.01E-05,8.91E-06,2637.11,,
20171208,.SPX,5.24E-06,7.16E-06,2651.52,,
20171211,.SPX,6.54E-06,6.29E-06,2659.97,,
20171212,.SPX,4.59E-06,6.54E-06,2664.39,,
20171213,.SPX,7.38E-06,1.21E-05,2663.43,,
20171214,.SPX,1.18E-05,1.17E-05,2652.49,,
20171215,.SPX,1.37E-05,1.25E-05,2675.3,,
20171218,.SPX,8.99E-06,8.45E-06,2690.63,,
20171219,.SPX,8.10E-06,8.50E-06,2681.53,,
20171220,.SPX,1.44E-05,1.35E-05,2679.37,,
20171221,.SPX,6.87E-06,8.03E-06,2684.89,,
20171222,.SPX,1.53E-06,4.40E-06,2683.65,,
20171226,.SPX,2.64E-06,3.03E-06,2680.42,,
20171227,.SPX,2.25E-06,2.71E-06,2682.41,,
20171228,.SPX,1.96E-06,1.60E-06,2687.32,,
20171229,.SPX,9.54E-06,6.70E-06,2675.92,,
20180102,.SPX,6.64E-06,6.61E-06,2695.81,,
20180103,.SPX,8.51E-06,5.72E-06,2712.71,,
20180104,.SPX,7.16E-06,7.31E-06,2723.91,,
20180105,.SPX,5.54E-06,7.89E-06,2742.43,,
20180108,.SPX,3.52E-06,6.10E-06,2747.44,,
20180109,.SPX,1.09E-05,1.06E-05,2751.69,,
20180110,.SPX,1.34E-05,1.17E-05,2748.18,,
20180111,.SPX,8.59E-06,6.98E-06,2767.51,,
20180112,.SPX,1.25E-05,1.03E-05,2786.05,,
20180116,.SPX,3.29E-05,3.17E-05,2776.52,,
20180117,.SPX,1.31E-05,1.75E-05,2802.7,,
20180118,.SPX,1.28E-05,2.14E-05,2798.31,,
20180119,.SPX,9.76E-06,1.29E-05,2810.3,,
20180122,.SPX,1.47E-05,1.24E-05,2833.03,,
20180123,.SPX,1.14E-05,1.05E-05,2839.32,,
20180124,.SPX,3.75E-05,3.76E-05,2838.01,,
20180125,.SPX,2.04E-05,3.04E-05,2839.4,,
20180126,.SPX,1.12E-05,9.10E-06,2872.46,,
20180129,.SPX,1.94E-05,2.23E-05,2853.3,,
20180130,.SPX,3.84E-05,3.49E-05,2822.56,,
20180131,.SPX,3.66E-05,3.27E-05,2824.54,,
20180201,.SPX,4.12E-05,3.34E-05,2821.84,,
20180202,.SPX,5.44E-05,7.02E-05,2761.09,,
20180205,.SPX,0.000469517,0.00045518,2648.49,,
20180206,.SPX,0.000897946,0.000665212,2695.39,,
20180207,.SPX,0.000228652,0.000197216,2681.41,,
20180208,.SPX,0.000328679,0.000364028,2581.12,,
20180209,.SPX,0.00068472,0.000639321,2619.74,,
20180212,.SPX,0.000130945,0.000165883,2655.74,,
20180213,.SPX,3.95E-05,7.11E-05,2663.11,,
20180214,.SPX,6.48E-05,9.90E-05,2698.96,,
20180215,.SPX,5.36E-05,7.36E-05,2731.38,,
20180216,.SPX,6.45E-05,7.21E-05,2732.36,,
20180220,.SPX,5.17E-05,5.79E-05,2715.96,,
20180221,.SPX,0.000113634,7.74E-05,2701.51,,
20180222,.SPX,5.83E-05,9.65E-05,2704.02,,
20180223,.SPX,3.01E-05,4.31E-05,2747.62,,
20180226,.SPX,2.64E-05,3.12E-05,2779.63,,
20180227,.SPX,7.22E-05,8.02E-05,2744.25,,
20180228,.SPX,0.000100422,7.68E-05,2713.54,,
20180301,.SPX,0.000203847,0.000235584,2676.49,,
20180302,.SPX,0.00010765,0.000119028,2691.02,,
20180305,.SPX,7.33E-05,5.88E-05,2721.02,,
20180306,.SPX,5.03E-05,4.60E-05,2728.22,,
20180307,.SPX,5.57E-05,4.70E-05,2727.03,,
20180308,.SPX,3.42E-05,4.34E-05,2738.94,,
20180309,.SPX,1.75E-05,1.43E-05,2786.33,,
20180312,.SPX,2.42E-05,2.84E-05,2783.24,,
20180313,.SPX,4.57E-05,4.91E-05,2765.16,,
20180314,.SPX,4.94E-05,6.60E-05,2749.78,,
20180315,.SPX,2.87E-05,2.95E-05,2747.35,,
20180316,.SPX,1.74E-05,1.87E-05,2750.86,,
20180319,.SPX,5.73E-05,6.33E-05,2712.96,,
20180320,.SPX,2.46E-05,3.36E-05,2717.09,,
20180321,.SPX,7.00E-05,6.20E-05,2712.07,,
20180322,.SPX,0.000143803,0.000114731,2643.72,,
20180323,.SPX,0.000181881,0.000154417,2588.16,,
20180326,.SPX,0.000126673,0.000130044,2658.74,,
20180327,.SPX,0.000189519,0.000176556,2612.56,,
20180328,.SPX,0.000172768,0.000268869,2604.99,,
20180329,.SPX,9.77E-05,9.62E-05,2641.6,,
20180402,.SPX,0.000188679,0.000174863,2581.49,,
20180403,.SPX,0.000182029,0.000178846,2614.41,,
20180404,.SPX,0.00012058,0.000130839,2644.76,,
20180405,.SPX,6.64E-05,8.62E-05,2662.73,,
20180406,.SPX,0.000154197,0.000134196,2604.12,,
20180409,.SPX,9.21E-05,7.60E-05,2613.43,,
20180410,.SPX,6.32E-05,0.00011068,2656.77,,
20180411,.SPX,4.67E-05,7.54E-05,2642.3,,
20180412,.SPX,5.50E-05,5.00E-05,2664.06,,
20180413,.SPX,5.44E-05,6.23E-05,2656.45,,
20180416,.SPX,1.99E-05,3.18E-05,2677.97,,
20180417,.SPX,1.73E-05,1.65E-05,2706.27,,
20180418,.SPX,1.76E-05,2.26E-05,2708.63,,
20180419,.SPX,3.07E-05,3.61E-05,2693.19,,
20180420,.SPX,4.41E-05,5.22E-05,2670.29,,
20180423,.SPX,3.18E-05,3.65E-05,2670.18,,
20180424,.SPX,0.000111205,0.000140753,2634.47,,
20180425,.SPX,9.91E-05,0.000100563,2639.2,,
20180426,.SPX,3.18E-05,3.78E-05,2667.33,,
20180427,.SPX,2.48E-05,3.35E-05,2669.96,,
20180430,.SPX,4.79E-05,4.65E-05,2648.21,,
20180501,.SPX,5.28E-05,4.75E-05,2654.46,,
20180502,.SPX,4.48E-05,4.79E-05,2635.62,,
20180503,.SPX,0.000130135,0.000101003,2629.69,,
20180504,.SPX,5.28E-05,4.46E-05,2663.48,,
20180507,.SPX,3.52E-05,2.75E-05,2672.95,,
20180508,.SPX,2.82E-05,4.52E-05,2672.03,,
20180509,.SPX,2.54E-05,2.97E-05,2697.77,,
20180510,.SPX,1.69E-05,2.01E-05,2722.86,,
20180511,.SPX,1.44E-05,2.06E-05,2727.72,,
20180514,.SPX,1.60E-05,1.92E-05,2730.54,,
20180515,.SPX,3.49E-05,3.94E-05,2711.44,,
20180516,.SPX,1.86E-05,1.62E-05,2722.57,,
20180517,.SPX,2.68E-05,1.98E-05,2720.05,,
20180518,.SPX,1.14E-05,2.13E-05,2713.01,,
20180521,.SPX,2.95E-05,2.66E-05,2732.98,,
20180522,.SPX,1.20E-05,1.42E-05,2724.76,,
20180523,.SPX,2.98E-05,2.85E-05,2733.12,,
20180524,.SPX,3.76E-05,3.28E-05,2727.67,,
20180525,.SPX,1.35E-05,1.62E-05,2721.16,,
20180529,.SPX,7.38E-05,5.77E-05,2689.88,,
20180530,.SPX,2.21E-05,2.12E-05,2724.08,,
20180531,.SPX,2.96E-05,4.00E-05,2705.29,,
20180601,.SPX,1.61E-05,2.01E-05,2734.33,,
20180604,.SPX,9.90E-06,9.66E-06,2746.83,,
20180605,.SPX,9.72E-06,1.61E-05,2749.05,,
20180606,.SPX,1.65E-05,1.51E-05,2772.19,,
20180607,.SPX,1.83E-05,2.95E-05,2770.05,,
20180608,.SPX,9.66E-06,1.31E-05,2778.75,,
20180611,.SPX,8.30E-06,7.52E-06,2782.26,,
20180612,.SPX,8.54E-06,8.47E-06,2786.79,,
20180613,.SPX,1.71E-05,1.69E-05,2775.78,,
20180614,.SPX,1.34E-05,1.12E-05,2782.79,,
20180615,.SPX,2.96E-05,2.55E-05,2779.41,,
20180618,.SPX,1.59E-05,2.08E-05,2773.87,,
20180619,.SPX,2.63E-05,2.16E-05,2762.63,,
20180620,.SPX,9.83E-06,8.01E-06,2767.51,,
20180621,.SPX,3.16E-05,3.04E-05,2749.71,,
20180622,.SPX,1.40E-05,1.53E-05,2754.69,,
20180625,.SPX,0.000102419,8.24E-05,2717.06,,
20180626,.SPX,1.77E-05,2.90E-05,2722.97,,
20180627,.SPX,7.46E-05,7.42E-05,2699.82,,
20180628,.SPX,3.81E-05,5.79E-05,2716.45,,
20180629,.SPX,3.34E-05,2.48E-05,2718.72,,
20180702,.SPX,3.67E-05,3.87E-05,2726.25,,
20180703,.SPX,1.80E-05,1.42E-05,2713.22,,
20180705,.SPX,2.10E-05,2.84E-05,2736.82,,
20180706,.SPX,2.02E-05,2.28E-05,2759.68,,
20180709,.SPX,1.19E-05,1.10E-05,2784.32,,
20180710,.SPX,7.20E-06,1.14E-05,2793.79,,
20180711,.SPX,1.88E-05,1.94E-05,2774.07,,
20180712,.SPX,1.08E-05,1.65E-05,2798.28,,
20180713,.SPX,8.10E-06,9.41E-06,2801.17,,
20180716,.SPX,8.36E-06,9.43E-06,2798.41,,
20180717,.SPX,1.29E-05,1.23E-05,2809.75,,
20180718,.SPX,4.41E-06,5.99E-06,2815.67,,
20180719,.SPX,1.47E-05,1.54E-05,2804.55,,
20180720,.SPX,6.68E-06,9.52E-06,2801.95,,
20180724,.SPX,2.29E-05,2.11E-05,2820.19,,
20180725,.SPX,3.25E-05,2.18E-05,2846.05,,
20180726,.SPX,9.50E-06,1.19E-05,2837.48,,
20180727,.SPX,3.06E-05,3.07E-05,2818.96,,
20180730,.SPX,1.47E-05,2.60E-05,2802.75,,
20180731,.SPX,1.62E-05,1.92E-05,2816.2,,
20180801,.SPX,1.44E-05,1.19E-05,2813.64,,
20180802,.SPX,1.99E-05,1.42E-05,2827.34,,
20180803,.SPX,6.45E-06,9.04E-06,2840.23,,
20180806,.SPX,7.94E-06,6.91E-06,2850.36,,
20180807,.SPX,4.88E-06,8.98E-06,2858.58,,
20180808,.SPX,6.79E-06,7.63E-06,2857.77,,
20180809,.SPX,5.76E-06,7.53E-06,2853.58,,
20180810,.SPX,1.71E-05,2.29E-05,2833.18,,
20180813,.SPX,2.54E-05,2.57E-05,2821.95,,
20180814,.SPX,1.15E-05,1.78E-05,2840.04,,
20180815,.SPX,4.49E-05,4.49E-05,2818.49,,
20180816,.SPX,1.38E-05,1.64E-05,2840.77,,
20180817,.SPX,1.50E-05,1.75E-05,2850.12,,
20180820,.SPX,3.67E-06,8.40E-06,2857.03,,
20180821,.SPX,9.42E-06,8.96E-06,2862.78,,
20180822,.SPX,8.64E-06,9.85E-06,2861.88,,
20180823,.SPX,1.39E-05,1.28E-05,2857.18,,
20180824,.SPX,7.32E-06,8.78E-06,2874.83,,
20180827,.SPX,8.24E-06,8.59E-06,2896.66,,
20180828,.SPX,5.63E-06,9.34E-06,2897.71,,
20180829,.SPX,7.80E-06,6.73E-06,2914.11,,
20180830,.SPX,1.87E-05,2.01E-05,2901.13,,
20180831,.SPX,1.14E-05,1.49E-05,2901.01,,
20180904,.SPX,2.53E-05,2.31E-05,2896.74,,
20180905,.SPX,2.24E-05,3.51E-05,2888.71,,
20180906,.SPX,2.65E-05,3.49E-05,2878.17,,
20180907,.SPX,2.81E-05,3.81E-05,2871.9,,
20180910,.SPX,9.33E-06,1.03E-05,2877.34,,
20180911,.SPX,1.83E-05,1.47E-05,2887.97,,
20180912,.SPX,2.62E-05,2.49E-05,2888.84,,
20180913,.SPX,1.39E-05,1.27E-05,2904.25,,
20180914,.SPX,1.05E-05,1.28E-05,2905.05,,
20180917,.SPX,9.59E-06,8.42E-06,2888.95,,
20180918,.SPX,1.57E-05,1.42E-05,2904.49,,
20180919,.SPX,5.93E-06,1.06E-05,2908,,
20180920,.SPX,5.19E-06,8.31E-06,2930.97,,
20180921,.SPX,5.68E-06,6.78E-06,2929.13,,
20180924,.SPX,7.00E-06,1.12E-05,2919.39,,
20180925,.SPX,5.75E-06,8.02E-06,2915.67,,
20180926,.SPX,3.33E-05,2.37E-05,2906.48,,
20180927,.SPX,1.09E-05,9.74E-06,2914.21,,
20180928,.SPX,8.96E-06,1.17E-05,2914.01,,
20181001,.SPX,1.64E-05,1.24E-05,2924.9,,
20181002,.SPX,1.27E-05,1.58E-05,2923.52,,
20181003,.SPX,1.70E-05,1.61E-05,2925.63,,
20181004,.SPX,4.27E-05,4.41E-05,2901.65,,
20181005,.SPX,4.48E-05,4.24E-05,2885.72,,
20181008,.SPX,4.75E-05,4.39E-05,2884.82,,
20181009,.SPX,4.32E-05,4.21E-05,2880.47,,
20181010,.SPX,0.000136628,0.000148302,2786.46,,
20181011,.SPX,0.000373696,0.000381938,2728.35,,
20181012,.SPX,0.000157376,0.00019814,2766.55,,
20181015,.SPX,0.000103165,7.85E-05,2750.68,,
20181016,.SPX,4.48E-05,4.62E-05,2809.78,,
20181017,.SPX,7.38E-05,0.000105974,2809.24,,
20181018,.SPX,0.000131936,0.000125682,2769.34,,
20181019,.SPX,9.95E-05,8.81E-05,2767.53,,
20181022,.SPX,8.64E-05,8.86E-05,2755.79,,
20181023,.SPX,0.000158113,0.000128648,2740.6,,
20181024,.SPX,0.000219435,0.000177646,2656.29,,
20181025,.SPX,0.000142263,0.000101052,2705.73,,
20181026,.SPX,0.000295927,0.000322144,2658.23,,
20181029,.SPX,0.000297314,0.000302076,2641.18,,
20181030,.SPX,0.000195647,0.000236929,2682.65,,
20181031,.SPX,9.11E-05,8.27E-05,2711.59,,
20181101,.SPX,3.13E-05,6.93E-05,2740.21,,
20181102,.SPX,0.000116881,0.00016258,2722.59,,
20181105,.SPX,3.93E-05,3.53E-05,2738.22,,
20181106,.SPX,3.57E-05,3.70E-05,2755.37,,
20181107,.SPX,5.14E-05,4.08E-05,2813.61,,
20181108,.SPX,3.05E-05,4.46E-05,2806.86,,
20181109,.SPX,5.36E-05,5.52E-05,2780.81,,
20181112,.SPX,9.97E-05,9.26E-05,2726.49,,
20181113,.SPX,0.000122048,0.000167863,2722.12,,
20181114,.SPX,0.000143557,0.000127931,2701.9,,
20181115,.SPX,0.000171539,0.000186412,2730.44,,
20181116,.SPX,8.51E-05,8.18E-05,2736.54,,
20181119,.SPX,0.000112541,0.000115017,2690.82,,
20181120,.SPX,0.000141635,0.000185588,2641.69,,
20181121,.SPX,3.78E-05,3.72E-05,2649.93,,
20181123,.SPX,2.93E-05,2.59E-05,2632.56,,
20181126,.SPX,6.08E-05,5.44E-05,2673.6,,
20181127,.SPX,4.70E-05,6.37E-05,2682.25,,
20181128,.SPX,0.000127107,8.90E-05,2743.9,,
20181129,.SPX,3.77E-05,4.56E-05,2737.92,,
20181130,.SPX,2.95E-05,2.77E-05,2758.88,,
20181203,.SPX,6.24E-05,6.64E-05,2790.33,,
20181204,.SPX,0.000195575,0.000139238,2700.82,,
20181206,.SPX,0.000253509,0.000240385,2695.93,,
20181207,.SPX,0.000227682,0.000252778,2632.95,,
20181210,.SPX,0.000308186,0.000301843,2637.45,,
20181211,.SPX,0.000170645,0.000164387,2636.94,,
20181212,.SPX,9.00E-05,9.28E-05,2651.42,,
20181213,.SPX,7.37E-05,0.000109153,2650.16,,
20181214,.SPX,7.58E-05,0.00010968,2600.21,,
20181217,.SPX,0.000189028,0.000151217,2546.07,,
20181218,.SPX,0.000128726,0.00016864,2546.04,,
20181219,.SPX,0.000500385,0.000653902,2506.87,,
20181220,.SPX,0.000333996,0.000401881,2466.82,,
20181221,.SPX,0.000343632,0.00035248,2416.27,,
20181224,.SPX,0.000216239,0.00022605,2351.1,,
20181226,.SPX,0.00047048,0.000417814,2467.68,,
20181227,.SPX,0.000479787,0.000464396,2488.12,,
20181228,.SPX,0.000230504,0.000210568,2485.59,,
20181231,.SPX,8.07E-05,0.000125826,2507.2,,
20190102,.SPX,0.000146344,0.000166825,2509.91,,
20190103,.SPX,0.000228202,0.000258711,2447.95,,
20190104,.SPX,0.000176369,0.000164529,2531.73,,
20190107,.SPX,6.13E-05,8.03E-05,2549.94,,
20190108,.SPX,7.64E-05,0.000105264,2574.48,,
20190109,.SPX,6.39E-05,7.80E-05,2584.93,,
20190110,.SPX,7.08E-05,6.49E-05,2596.34,,
20190111,.SPX,2.74E-05,3.47E-05,2596.02,,
20190114,.SPX,2.04E-05,4.10E-05,2582.12,,
20190115,.SPX,6.37E-05,5.34E-05,2610.22,,
20190116,.SPX,2.30E-05,2.77E-05,2615.7,,
20190117,.SPX,7.72E-05,5.89E-05,2635.95,,
20190118,.SPX,2.82E-05,4.01E-05,2670.57,,
20190122,.SPX,6.13E-05,8.78E-05,2633.25,,
20190123,.SPX,6.79E-05,6.59E-05,2638.87,,
20190124,.SPX,3.50E-05,3.27E-05,2642.36,,
20190125,.SPX,2.13E-05,2.25E-05,2664.69,,
20190128,.SPX,4.75E-05,6.21E-05,2643.78,,
20190129,.SPX,3.76E-05,3.66E-05,2640.02,,
20190130,.SPX,7.64E-05,7.51E-05,2681.38,,
20190131,.SPX,4.02E-05,4.15E-05,2704.35,,
20190201,.SPX,3.68E-05,4.20E-05,2706.1,,
20190204,.SPX,1.57E-05,2.51E-05,2724.83,,
20190205,.SPX,1.81E-05,1.77E-05,2737.43,,
20190206,.SPX,1.91E-05,2.10E-05,2731.78,,
20190207,.SPX,6.97E-05,6.60E-05,2706.08,,
20190208,.SPX,3.22E-05,3.29E-05,2707.8,,
20190211,.SPX,8.75E-06,2.55E-05,2709.6,,
20190212,.SPX,2.42E-05,2.06E-05,2744.43,,
20190213,.SPX,2.93E-05,1.98E-05,2751.71,,
20190214,.SPX,3.49E-05,4.43E-05,2745.56,,
20190215,.SPX,1.86E-05,2.07E-05,2775.63,,
20190219,.SPX,1.56E-05,1.20E-05,2779.93,,
20190220,.SPX,1.76E-05,2.51E-05,2785.19,,
20190221,.SPX,2.52E-05,2.27E-05,2775.09,,
20190222,.SPX,1.55E-05,1.45E-05,2792.62,,
20190225,.SPX,1.38E-05,1.52E-05,2796.23,,
20190226,.SPX,2.33E-05,2.64E-05,2793.76,,
20190227,.SPX,1.95E-05,2.30E-05,2792.33,,
20190228,.SPX,1.11E-05,1.55E-05,2784.8,,
20190301,.SPX,2.72E-05,2.41E-05,2803.86,,
20190304,.SPX,6.78E-05,5.94E-05,2793.07,,
20190305,.SPX,2.01E-05,2.42E-05,2789.68,,
20190306,.SPX,2.55E-05,2.62E-05,2771.56,,
20190307,.SPX,5.71E-05,4.80E-05,2748.87,,
20190308,.SPX,3.60E-05,5.23E-05,2742.97,,
20190311,.SPX,2.35E-05,1.90E-05,2783.22,,
20190312,.SPX,1.17E-05,2.13E-05,2792.07,,
20190313,.SPX,1.86E-05,1.76E-05,2811.08,,
20190314,.SPX,1.02E-05,1.33E-05,2808.62,,
20190315,.SPX,1.58E-05,1.78E-05,2822.47,,
20190318,.SPX,2.07E-05,1.79E-05,2833.07,,
20190319,.SPX,3.73E-05,4.91E-05,2833.18,,
20190320,.SPX,6.47E-05,6.30E-05,2824.12,,
20190321,.SPX,3.38E-05,2.69E-05,2855.05,,
20190322,.SPX,8.93E-05,8.70E-05,2800.85,,
20190325,.SPX,6.64E-05,7.52E-05,2798.44,,
20190326,.SPX,4.67E-05,4.54E-05,2818.43,,
20190327,.SPX,6.83E-05,5.56E-05,2805.33,,
20190328,.SPX,2.57E-05,2.74E-05,2815.4,,
20190329,.SPX,1.85E-05,2.36E-05,2834.31,,
20190401,.SPX,7.68E-06,2.00E-05,2867.05,,
20190402,.SPX,8.94E-06,1.31E-05,2867.24,,
20190403,.SPX,1.95E-05,1.69E-05,2873.26,,
20190404,.SPX,1.63E-05,1.98E-05,2879.43,,
20190405,.SPX,6.26E-06,9.36E-06,2892.63,,
20190408,.SPX,1.05E-05,9.99E-06,2895.67,,
20190409,.SPX,1.46E-05,2.25E-05,2878.66,,
20190410,.SPX,7.14E-06,1.00E-05,2888.53,,
20190411,.SPX,8.66E-06,1.25E-05,2888.39,,
20190412,.SPX,1.29E-05,1.18E-05,2907.52,,
20190415,.SPX,8.87E-06,7.02E-06,2905.54,,
20190416,.SPX,9.28E-06,1.05E-05,2907.15,,
20190417,.SPX,2.15E-05,1.73E-05,2900.4,,
20190418,.SPX,1.52E-05,1.31E-05,2905.12,,
20190422,.SPX,5.84E-06,6.71E-06,2907.97,,
20190423,.SPX,1.46E-05,1.36E-05,2933.64,,
20190424,.SPX,1.06E-05,1.08E-05,2927.32,,
20190425,.SPX,3.19E-05,2.90E-05,2926.34,,
20190426,.SPX,1.31E-05,1.55E-05,2939.72,,
20190429,.SPX,5.02E-06,5.49E-06,2942.99,,
20190430,.SPX,1.85E-05,1.76E-05,2945.23,,
20190501,.SPX,4.26E-05,3.40E-05,2923.56,,
20190502,.SPX,4.28E-05,4.40E-05,2917.56,,
20190503,.SPX,1.13E-05,1.26E-05,2945.3,,
20190506,.SPX,2.35E-05,2.70E-05,2932.64,,
20190507,.SPX,0.000102968,0.00010322,2884.16,,
20190508,.SPX,6.33E-05,4.72E-05,2879.71,,
20190509,.SPX,9.16E-05,0.000100489,2870.58,,
20190510,.SPX,0.000125325,0.000106455,2881.79,,
20190513,.SPX,7.95E-05,9.94E-05,2811.8,,
20190514,.SPX,4.42E-05,5.26E-05,2834.65,,
20190515,.SPX,4.93E-05,5.08E-05,2851.22,,
20190516,.SPX,4.80E-05,2.95E-05,2876.43,,
20190517,.SPX,6.60E-05,5.31E-05,2859.28,,
20190520,.SPX,2.94E-05,4.60E-05,2839.88,,
20190521,.SPX,1.32E-05,1.73E-05,2864.53,,
20190522,.SPX,1.48E-05,1.95E-05,2856.25,,
20190523,.SPX,7.12E-05,6.04E-05,2822.31,,
20190524,.SPX,2.30E-05,2.79E-05,2826.67,,
20190528,.SPX,4.10E-05,2.90E-05,2801.88,,
20190529,.SPX,6.75E-05,7.09E-05,2782.65,,
20190530,.SPX,3.89E-05,3.57E-05,2788.93,,
20190531,.SPX,3.85E-05,4.61E-05,2752,,
20190603,.SPX,0.000111326,9.33E-05,2744.02,,
20190604,.SPX,4.37E-05,4.28E-05,2803.19,,
20190605,.SPX,2.94E-05,4.04E-05,2826.28,,
20190606,.SPX,2.42E-05,3.63E-05,2843.84,,
20190607,.SPX,3.95E-05,3.42E-05,2873.08,,
20190610,.SPX,2.22E-05,2.95E-05,2886.38,,
20190611,.SPX,2.90E-05,3.49E-05,2885.71,,
20190612,.SPX,1.22E-05,1.81E-05,2880.08,,
20190613,.SPX,2.59E-05,2.68E-05,2891.83,,
20190614,.SPX,1.67E-05,1.91E-05,2887.08,,
20190617,.SPX,5.65E-06,7.40E-06,2889.54,,
20190618,.SPX,4.72E-05,3.68E-05,2917.93,,
20190619,.SPX,1.60E-05,3.21E-05,2926.39,,
20190620,.SPX,2.50E-05,2.71E-05,2954.15,,
20190621,.SPX,1.51E-05,1.72E-05,2950.65,,
20190625,.SPX,3.17E-05,2.87E-05,2917.46,,
20190626,.SPX,1.67E-05,2.10E-05,2913.89,,
20190627,.SPX,1.06E-05,1.31E-05,2924.7,,
20190628,.SPX,1.37E-05,9.94E-06,2940.48,,
20190701,.SPX,1.69E-05,2.43E-05,2964.45,,
20190702,.SPX,1.46E-05,2.35E-05,2973.11,,
20190703,.SPX,6.79E-06,4.70E-06,2995.82,,
20190705,.SPX,1.91E-05,2.18E-05,2990.6,,
20190708,.SPX,1.20E-05,1.42E-05,2976.07,,
20190709,.SPX,8.55E-06,7.45E-06,2979.71,,
20190710,.SPX,2.22E-05,2.08E-05,2992.97,,
20190711,.SPX,1.51E-05,1.00E-05,2999.86,,
20190712,.SPX,3.99E-06,5.16E-06,3013.58,,
20190715,.SPX,6.33E-06,7.80E-06,3014.24,,
20190716,.SPX,1.06E-05,1.12E-05,3003.85,,
20190717,.SPX,1.49E-05,1.48E-05,2984.49,,
20190718,.SPX,2.19E-05,1.56E-05,2995.03,,
20190719,.SPX,2.42E-05,2.51E-05,2976.86,,
20190722,.SPX,1.16E-05,1.62E-05,2985.09,,
20190723,.SPX,1.07E-05,1.43E-05,3005.56,,
20190724,.SPX,1.04E-05,8.75E-06,3019.51,,
20190725,.SPX,2.64E-05,2.32E-05,3004.07,,
20190726,.SPX,5.39E-06,6.09E-06,3025.82,,
20190729,.SPX,8.66E-06,7.79E-06,3020.78,,
20190730,.SPX,1.02E-05,1.69E-05,3013.26,,
20190731,.SPX,0.000132431,7.35E-05,2980.02,,
20190801,.SPX,0.000196868,0.000199662,2953.55,,
20190802,.SPX,7.21E-05,7.50E-05,2932.19,,
20190805,.SPX,0.000123505,0.000147944,2844.69,,
20190806,.SPX,7.68E-05,0.000101919,2881.88,,
20190807,.SPX,0.000153788,0.00017969,2884.06,,
20190808,.SPX,3.10E-05,3.61E-05,2938.53,,
20190809,.SPX,7.75E-05,7.88E-05,2918.84,,
20190812,.SPX,5.47E-05,5.23E-05,2882.3,,
20190813,.SPX,0.000267475,0.000209594,2917.02,,
20190814,.SPX,9.93E-05,0.000129844,2840.46,,
20190815,.SPX,9.51E-05,9.47E-05,2847.66,,
20190816,.SPX,3.38E-05,4.70E-05,2888.87,,
20190819,.SPX,1.80E-05,2.23E-05,2923.45,,
20190820,.SPX,4.25E-05,3.39E-05,2900.89,,
20190821,.SPX,1.13E-05,1.33E-05,2924.46,,
20190822,.SPX,6.39E-05,5.17E-05,2923.21,,
20190823,.SPX,0.000230056,0.000232006,2847.67,,
20190826,.SPX,4.04E-05,5.66E-05,2878.87,,
20190827,.SPX,5.11E-05,5.55E-05,2868.7,,
20190828,.SPX,4.17E-05,3.90E-05,2887.97,,
20190829,.SPX,2.70E-05,4.28E-05,2924.59,,
20190830,.SPX,3.73E-05,3.16E-05,2925.19,,
20190903,.SPX,4.44E-05,6.18E-05,2906.39,,
20190904,.SPX,1.19E-05,1.27E-05,2937.84,,
20190905,.SPX,2.55E-05,2.15E-05,2975.95,,
20190906,.SPX,1.02E-05,1.53E-05,2978.73,,
20190909,.SPX,1.76E-05,1.34E-05,2978.58,,
20190910,.SPX,4.26E-05,3.93E-05,2979.01,,
20190911,.SPX,1.06E-05,1.51E-05,3000.55,,
20190912,.SPX,4.14E-05,3.30E-05,3009.78,,
20190913,.SPX,9.78E-06,1.49E-05,3007.07,,
20190916,.SPX,9.47E-06,1.44E-05,2997.81,,
20190917,.SPX,7.11E-06,9.76E-06,3005.37,,
20190918,.SPX,4.67E-05,3.54E-05,3006.74,,
20190919,.SPX,1.21E-05,1.82E-05,3006.41,,
20190920,.SPX,3.98E-05,5.87E-05,2991.53,,
20190923,.SPX,1.72E-05,1.41E-05,2991.83,,
20190924,.SPX,8.80E-05,9.25E-05,2967.11,,
20190925,.SPX,2.57E-05,2.48E-05,2984.92,,
20190926,.SPX,3.64E-05,3.92E-05,2978.08,,
20190927,.SPX,5.41E-05,7.11E-05,2961.99,,
20190930,.SPX,8.10E-06,1.54E-05,2976.71,,
20191001,.SPX,9.03E-05,6.85E-05,2940.11,,
20191002,.SPX,8.80E-05,7.32E-05,2888,,
20191003,.SPX,0.000207107,0.000138033,2910.93,,
20191004,.SPX,2.71E-05,2.45E-05,2951.69,,
20191007,.SPX,4.27E-05,3.88E-05,2938.57,,
20191008,.SPX,9.09E-05,7.10E-05,2892.91,,
20191009,.SPX,2.06E-05,3.79E-05,2919.52,,
20191010,.SPX,5.05E-05,5.04E-05,2938.41,,
20191011,.SPX,7.26E-05,4.91E-05,2969.88,,
20191014,.SPX,7.33E-06,1.57E-05,2966.16,,
20191015,.SPX,2.44E-05,1.66E-05,2995.56,,
20191016,.SPX,1.18E-05,1.12E-05,2990.09,,
20191017,.SPX,1.39E-05,1.77E-05,2998.14,,
20191018,.SPX,2.54E-05,2.42E-05,2986.17,,
20191021,.SPX,5.66E-06,7.96E-06,3006.71,,
20191022,.SPX,1.69E-05,1.50E-05,2996.21,,
20191023,.SPX,1.18E-05,1.05E-05,3004.51,,
20191024,.SPX,2.05E-05,1.56E-05,3010.18,,
20191025,.SPX,1.55E-05,1.35E-05,3022.16,,
20191028,.SPX,9.30E-06,1.17E-05,3039.27,,
20191029,.SPX,1.05E-05,1.25E-05,3036.71,,
20191030,.SPX,2.11E-05,1.77E-05,3046.98,,
20191031,.SPX,3.22E-05,3.37E-05,3037.66,,
20191101,.SPX,1.24E-05,1.12E-05,3066.87,,
20191104,.SPX,5.22E-06,9.07E-06,3078.42,,
20191105,.SPX,7.95E-06,9.43E-06,3074.78,,
20191106,.SPX,1.25E-05,1.37E-05,3076.74,,
20191107,.SPX,1.11E-05,2.08E-05,3085.41,,
20191108,.SPX,1.10E-05,1.11E-05,3092.94,,
20191111,.SPX,3.85E-06,4.37E-06,3087,,
20191112,.SPX,1.34E-05,1.11E-05,3091.93,,
20191113,.SPX,1.36E-05,1.55E-05,3093.86,,
20191114,.SPX,1.28E-05,1.02E-05,3096.92,,
20191115,.SPX,9.11E-06,6.26E-06,3120.3,,
20191119,.SPX,1.04E-05,1.16E-05,3120.14,,
20191120,.SPX,3.89E-05,2.81E-05,3108.39,,
20191121,.SPX,1.31E-05,1.88E-05,3103.44,,
20191122,.SPX,7.31E-06,9.50E-06,3110.09,,
20191125,.SPX,8.96E-06,8.40E-06,3133.53,,
20191126,.SPX,5.08E-06,5.84E-06,3140.22,,
20191127,.SPX,2.53E-06,3.02E-06,3153.75,,
20191129,.SPX,2.90E-06,4.06E-06,3140.98,,
20191202,.SPX,4.19E-05,3.77E-05,3114.47,,
20191203,.SPX,2.23E-05,4.47E-05,3093.32,,
20191204,.SPX,1.56E-05,1.35E-05,3112.97,,
20191205,.SPX,1.34E-05,1.67E-05,3117.77,,
20191206,.SPX,8.25E-06,9.88E-06,3145.86,,
20191209,.SPX,7.59E-06,5.98E-06,3135.99,,
20191210,.SPX,1.25E-05,2.03E-05,3132.51,,
20191211,.SPX,7.71E-06,8.39E-06,3141.42,,
20191212,.SPX,7.48E-05,8.23E-05,3168.47,,
20191213,.SPX,3.16E-05,4.51E-05,3168.77,,
20191217,.SPX,2.80E-06,5.54E-06,3192.15,,
20191218,.SPX,4.22E-06,7.44E-06,3191.38,,
20191219,.SPX,5.23E-06,7.72E-06,3205.23,,
20191220,.SPX,6.16E-06,4.71E-06,3221.16,,
20191223,.SPX,1.66E-06,2.01E-06,3224.06,,
20191224,.SPX,1.97E-06,1.97E-06,3223.38,,
20191226,.SPX,5.74E-06,4.04E-06,3240.07,,
20191227,.SPX,9.67E-06,8.05E-06,3239.96,,
20191230,.SPX,2.79E-05,2.19E-05,3221.53,,
20191231,.SPX,1.28E-05,1.01E-05,3230.22,,
20200102,.SPX,1.88E-05,1.54E-05,3258.04,,
20200103,.SPX,2.66E-05,3.34E-05,3234.43,,
20200106,.SPX,1.44E-05,1.06E-05,3246.29,,
20200107,.SPX,1.42E-05,1.19E-05,3237.17,,
20200108,.SPX,3.70E-05,2.45E-05,3253.11,,
20200109,.SPX,1.03E-05,1.37E-05,3274.64,,
20200110,.SPX,1.49E-05,1.60E-05,3265.35,,
20200113,.SPX,5.64E-06,5.60E-06,3287.98,,
20200114,.SPX,1.78E-05,1.51E-05,3282.68,,
20200115,.SPX,2.40E-05,1.64E-05,3289.53,,
20200116,.SPX,5.94E-06,6.99E-06,3316.95,,
20200117,.SPX,5.34E-06,9.29E-06,3329.23,,
20200121,.SPX,1.19E-05,1.16E-05,3320.95,,
20200122,.SPX,1.20E-05,1.24E-05,3321.76,,
20200123,.SPX,2.47E-05,2.47E-05,3325.45,,
20200124,.SPX,5.12E-05,5.41E-05,3295.42,,
20200127,.SPX,2.61E-05,4.17E-05,3243.23,,
20200128,.SPX,2.52E-05,2.05E-05,3276.27,,
20200129,.SPX,3.35E-05,2.55E-05,3273.49,,
20200130,.SPX,5.89E-05,5.30E-05,3283.52,,
20200131,.SPX,6.98E-05,8.60E-05,3224.9,,
20200203,.SPX,5.97E-05,4.47E-05,3248.74,,
20200204,.SPX,2.40E-05,2.09E-05,3297.69,,
20200205,.SPX,2.12E-05,2.60E-05,3334.73,,
20200206,.SPX,1.85E-05,1.94E-05,3345.74,,
20200207,.SPX,1.88E-05,2.80E-05,3327.66,,
20200210,.SPX,2.14E-05,1.79E-05,3352.16,,
20200211,.SPX,1.78E-05,2.32E-05,3357.81,,
20200212,.SPX,7.81E-06,1.43E-05,3379.35,,
20200213,.SPX,1.80E-05,2.51E-05,3374.32,,
20200214,.SPX,1.07E-05,1.31E-05,3379.94,,
20200218,.SPX,1.97E-05,2.30E-05,3370.44,,
20200219,.SPX,5.28E-06,6.10E-06,3386.08,,
20200220,.SPX,8.02E-05,8.94E-05,3372.92,,
20200221,.SPX,4.82E-05,5.55E-05,3337.76,,
20200224,.SPX,0.000113693,0.000118729,3226,,
20200225,.SPX,0.000270355,0.000246098,3128.51,,
20200226,.SPX,0.000270609,0.000275963,3116.53,,
20200227,.SPX,0.00060709,0.000719259,2978.3,,
20200228,.SPX,0.001286012,0.001404665,2955.42,,
20200302,.SPX,0.00066979,0.000627404,3090.54,,
20200303,.SPX,0.00085243,0.001843895,3002.91,,
20200304,.SPX,0.000212972,0.000267203,3130.08,,
20200305,.SPX,0.000261217,0.000366061,3024,,
20200306,.SPX,0.000547491,0.00055553,2972.49,,
20200309,.SPX,0.001767894,0.002300447,2745.33,,
20200310,.SPX,0.00115877,0.001093145,2881.84,,
20200311,.SPX,0.000616259,0.000523172,2741.3,,
20200312,.SPX,0.003349341,0.004153039,2480.98,,
20200313,.SPX,0.003362937,0.002628639,2708.47,,
20200316,.SPX,0.002924774,0.004121058,2386.15,,
20200317,.SPX,0.002197784,0.002272031,2528.82,,
20200318,.SPX,0.002450474,0.002487801,2398.3,,
20200319,.SPX,0.002458643,0.002087665,2409.46,,
20200320,.SPX,0.00142724,0.001538657,2304.22,,
20200323,.SPX,0.001840049,0.00286038,2236.7,,
20200324,.SPX,0.000836939,0.000923872,2446.39,,
20200325,.SPX,0.0021255,0.001324306,2475,,
20200326,.SPX,0.000871463,0.001092736,2627.3,,
20200327,.SPX,0.000782905,0.000569896,2541.45,,
20200330,.SPX,0.000217888,0.000346107,2626.49,,
20200331,.SPX,0.000390724,0.00040279,2584.47,,
20200401,.SPX,0.000234241,0.000322112,2470.72,,
20200402,.SPX,0.000653594,0.000757729,2526.59,,
20200403,.SPX,0.0002502,0.000363644,2488.56,,
20200406,.SPX,0.000255297,0.000237744,2661.51,,
20200407,.SPX,0.000575924,0.000646032,2658.85,,
20200408,.SPX,0.00023116,0.000222092,2749.27,,
20200409,.SPX,0.000288142,0.000354763,2789.47,,
20200413,.SPX,0.000222683,0.000279729,2761.75,,
20200414,.SPX,0.000136378,0.00016097,2845.75,,
20200415,.SPX,9.28E-05,0.00020341,2783.82,,
20200416,.SPX,0.000222932,0.000185391,2799.36,,
20200417,.SPX,0.000127689,0.000137143,2874.06,,
20200420,.SPX,0.000121626,0.000166228,2822.89,,
20200421,.SPX,0.000234109,0.000280711,2736.49,,
20200422,.SPX,5.01E-05,8.39E-05,2798.7,,
20200423,.SPX,0.000201892,0.000193835,2797.66,,
20200424,.SPX,8.01E-05,8.83E-05,2836.6,,
20200427,.SPX,3.57E-05,5.24E-05,2877.88,,
20200428,.SPX,0.000144089,0.00014831,2863.57,,
20200429,.SPX,7.88E-05,6.87E-05,2939.56,,
20200430,.SPX,0.000132609,0.000164066,2912.09,,
20200501,.SPX,9.04E-05,0.000138385,2831.3,,
20200505,.SPX,9.48E-05,8.74E-05,2868,,
20200506,.SPX,0.000131897,0.000107628,2848.62,,
20200507,.SPX,4.54E-05,6.93E-05,2881.13,,
20200508,.SPX,2.56E-05,3.49E-05,2929.22,,
20200511,.SPX,4.31E-05,6.17E-05,2929.94,,
20200512,.SPX,0.000145341,9.25E-05,2870.1,,
20200513,.SPX,0.000248334,0.000305598,2819.97,,
20200514,.SPX,0.000261037,0.000252747,2852.69,,
20200515,.SPX,0.000121312,0.000153872,2864.19,,
20200518,.SPX,8.40E-05,0.000106282,2952.95,,
20200519,.SPX,0.000104609,0.000137466,2922.45,,
20200520,.SPX,4.03E-05,5.18E-05,2971.55,,
20200521,.SPX,7.27E-05,9.95E-05,2948.91,,
20200522,.SPX,4.21E-05,4.80E-05,2955.52,,
20200526,.SPX,5.03E-05,5.43E-05,2992,,
20200527,.SPX,0.000137279,0.000131129,3036.09,,
20200528,.SPX,8.52E-05,0.000103986,3029.8,,
20200529,.SPX,0.000102109,0.000214025,3043.32,,
20200601,.SPX,2.09E-05,3.26E-05,3055.63,,
20200602,.SPX,5.79E-05,4.46E-05,3080.84,,
20200603,.SPX,1.88E-05,3.36E-05,3122.79,,
20200604,.SPX,6.80E-05,6.59E-05,3112.25,,
20200605,.SPX,6.31E-05,7.77E-05,3193.33,,
20200608,.SPX,3.51E-05,4.02E-05,3232.46,,
20200609,.SPX,5.67E-05,7.13E-05,3207.33,,
20200610,.SPX,0.000136428,0.000165296,3189.84,,
20200611,.SPX,0.000213065,0.000294713,3002.59,,
20200612,.SPX,0.000436236,0.000537091,3040.85,,
20200615,.SPX,0.000286751,0.000372217,3067.11,,
20200616,.SPX,0.000309804,0.00029845,3125.99,,
20200617,.SPX,6.08E-05,7.84E-05,3113.33,,
20200618,.SPX,5.18E-05,7.44E-05,3115.25,,
20200619,.SPX,0.000147905,0.000184577,3097.98,,
20200623,.SPX,4.22E-05,4.50E-05,3131.25,,
20200624,.SPX,0.000209816,0.000232598,3050.77,,
20200625,.SPX,0.000151398,0.000158584,3083.39,,
20200626,.SPX,0.000132369,0.000141745,3009.05,,
20200629,.SPX,0.000118104,7.86E-05,3053.53,,
20200630,.SPX,6.93E-05,8.13E-05,3099.31,,
20200701,.SPX,5.41E-05,7.67E-05,3115.96,,
20200702,.SPX,8.13E-05,8.37E-05,3130.14,,
20200706,.SPX,3.79E-05,6.72E-05,3179.68,,
20200707,.SPX,4.34E-05,4.93E-05,3145.61,,
20200708,.SPX,7.92E-05,7.27E-05,3170.15,,
20200709,.SPX,0.00014182,0.000149471,3152.33,,
20200710,.SPX,4.35E-05,8.04E-05,3184.91,,
20200713,.SPX,0.000171328,0.000147034,3155.51,,
20200714,.SPX,0.000154208,0.000198054,3197.59,,
20200715,.SPX,8.46E-05,0.000119994,3226.62,,
20200716,.SPX,3.43E-05,5.58E-05,3215.65,,
20200717,.SPX,3.02E-05,2.63E-05,3224.76,,
20200721,.SPX,2.96E-05,4.48E-05,3257.35,,
20200722,.SPX,3.00E-05,4.15E-05,3276.14,,
20200723,.SPX,7.00E-05,8.21E-05,3235.82,,
20200724,.SPX,4.93E-05,7.72E-05,3215.72,,
20200727,.SPX,3.02E-05,2.23E-05,3239.47,,
20200728,.SPX,3.39E-05,3.36E-05,3218.75,,
20200729,.SPX,3.08E-05,3.42E-05,3258.62,,
20200730,.SPX,6.42E-05,6.63E-05,3246.6,,
20200731,.SPX,0.000114137,9.38E-05,3271.23,,
20200803,.SPX,1.96E-05,2.53E-05,3294.63,,
20200804,.SPX,3.14E-05,2.69E-05,3306.64,,
20200805,.SPX,8.70E-06,1.79E-05,3327.74,,
20200806,.SPX,2.49E-05,2.56E-05,3349.22,,
20200807,.SPX,4.24E-05,5.12E-05,3351.39,,
20200810,.SPX,3.58E-05,3.24E-05,3360.75,,
20200811,.SPX,7.22E-05,9.28E-05,3334.33,,
20200812,.SPX,2.73E-05,3.10E-05,3380.19,,
20200813,.SPX,2.53E-05,2.65E-05,3373.45,,
20200814,.SPX,1.65E-05,3.34E-05,3372.87,,
20200817,.SPX,7.42E-06,8.45E-06,3382.36,,
20200818,.SPX,2.17E-05,3.30E-05,3389.78,,
20200819,.SPX,2.62E-05,3.01E-05,3374.99,,
20200820,.SPX,2.24E-05,1.81E-05,3385.63,,
20200821,.SPX,1.21E-05,1.95E-05,3397.24,,
20200825,.SPX,1.06E-05,1.89E-05,3443.66,,
20200826,.SPX,2.41E-05,2.68E-05,3478.86,,
20200827,.SPX,8.15E-05,6.75E-05,3484.91,,
20200828,.SPX,1.43E-05,1.99E-05,3507.9,,
20200901,.SPX,1.78E-05,3.03E-05,3526.8,,
20200902,.SPX,3.75E-05,4.58E-05,3579.95,,
20200903,.SPX,0.000335236,0.000446603,3455.12,,
20200904,.SPX,0.000540114,0.000528241,3426.38,,
20200908,.SPX,0.000173475,0.000282348,3332.01,,
20200909,.SPX,7.14E-05,0.000112797,3398.81,,
20200910,.SPX,0.000203188,0.000277356,3338.75,,
20200911,.SPX,0.000132736,0.000168348,3340.82,,
20200914,.SPX,6.38E-05,6.72E-05,3383.26,,
20200915,.SPX,2.96E-05,3.77E-05,3400.95,,
20200916,.SPX,8.08E-05,6.62E-05,3385.67,,
20200917,.SPX,0.000129385,0.000132358,3357.1,,
20200918,.SPX,9.42E-05,0.000108495,3318.47,,
20200921,.SPX,0.000204236,0.000174373,3281.47,,
20200922,.SPX,8.46E-05,7.78E-05,3315.49,,
20200923,.SPX,0.000108088,0.000122757,3237.01,,
20200924,.SPX,0.000246869,0.000215304,3246.54,,
20200925,.SPX,7.98E-05,0.000116855,3298.76,,
20200928,.SPX,5.06E-05,7.04E-05,3352.24,,
20200929,.SPX,4.50E-05,5.26E-05,3335.33,,
20200930,.SPX,0.000164588,0.000127865,3361.92,,
20201001,.SPX,9.43E-05,7.33E-05,3380.86,,
20201002,.SPX,0.00015392,0.000152119,3348.69,,
20201005,.SPX,3.62E-05,3.21E-05,3408.42,,
20201006,.SPX,0.0002979,0.000195539,3360.48,,
20201007,.SPX,3.47E-05,5.39E-05,3419.04,,
20201008,.SPX,1.29E-05,3.28E-05,3446.95,,
20201009,.SPX,2.10E-05,2.95E-05,3477.06,,
20201012,.SPX,3.33E-05,2.65E-05,3534,,
20201013,.SPX,4.23E-05,5.95E-05,3511.62,,
20201014,.SPX,7.83E-05,6.67E-05,3488.68,,
20201015,.SPX,4.65E-05,4.95E-05,3483.45,,
20201016,.SPX,4.17E-05,4.08E-05,3483.89,,
20201019,.SPX,9.78E-05,9.04E-05,3427.37,,
20201020,.SPX,8.70E-05,0.000105154,3443,,
20201021,.SPX,0.000106672,9.12E-05,3435.31,,
20201022,.SPX,6.83E-05,7.43E-05,3453.9,,
20201023,.SPX,2.22E-05,3.42E-05,3465.73,,
20201026,.SPX,0.000119407,0.000113579,3401.48,,
20201027,.SPX,5.05E-05,5.83E-05,3390.44,,
20201028,.SPX,0.000185476,0.000199863,3271.87,,
20201029,.SPX,0.000153534,0.000157548,3310.07,,
20201030,.SPX,0.000228338,0.000276284,3270.6,,
20201102,.SPX,0.000113274,0.000116458,3310.16,,
20201103,.SPX,0.000131411,0.000121412,3368.1,,
20201104,.SPX,0.000198515,0.000193209,3443.46,,
20201105,.SPX,8.15E-05,9.50E-05,3510.29,,
20201106,.SPX,6.39E-05,9.12E-05,3509.64,,
20201109,.SPX,0.000310117,0.000432016,3550.72,,
20201110,.SPX,0.000128165,0.000154984,3545.58,,
20201111,.SPX,2.73E-05,3.79E-05,3572.73,,
20201112,.SPX,7.00E-05,7.36E-05,3537.16,,
20201113,.SPX,2.79E-05,3.69E-05,3585.21,,
20201116,.SPX,3.39E-05,5.33E-05,3627.66,,
20201117,.SPX,3.68E-05,3.31E-05,3609.73,,
20201118,.SPX,5.92E-05,4.77E-05,3567.53,,
20201119,.SPX,4.60E-05,5.64E-05,3581.5,,
20201120,.SPX,2.60E-05,3.23E-05,3557.77,,
20201123,.SPX,6.62E-05,6.29E-05,3577.8,,
20201124,.SPX,2.33E-05,2.46E-05,3635.39,,
20201125,.SPX,1.53E-05,2.80E-05,3629.78,,
20201127,.SPX,4.54E-06,7.58E-06,3638.35,,
20201130,.SPX,4.88E-05,5.34E-05,3622.74,,
20201201,.SPX,3.79E-05,4.13E-05,3662.31,,
20201202,.SPX,1.28E-05,2.49E-05,3668.96,,
20201203,.SPX,3.15E-05,4.28E-05,3666.74,,
20201204,.SPX,1.66E-05,1.85E-05,3699.12,,
20201207,.SPX,1.36E-05,2.00E-05,3692.06,,
20201208,.SPX,1.19E-05,1.37E-05,3702.16,,
20201209,.SPX,3.80E-05,6.16E-05,3671.72,,
20201210,.SPX,3.87E-05,6.56E-05,3667.66,,
20201211,.SPX,3.36E-05,3.77E-05,3663.72,,
20201214,.SPX,4.78E-05,5.69E-05,3647.18,,
20201215,.SPX,1.92E-05,2.85E-05,3695.12,,
20201216,.SPX,2.27E-05,2.12E-05,3701.23,,
20201217,.SPX,8.85E-06,2.12E-05,3722.49,,
20201218,.SPX,5.30E-05,4.32E-05,3709.15,,
20201221,.SPX,9.67E-05,7.79E-05,3694.91,,
20201222,.SPX,2.56E-05,3.93E-05,3687.21,,
20201223,.SPX,2.00E-05,1.74E-05,3689.92,,
20201224,.SPX,6.90E-06,9.84E-06,3703.06,,
20201228,.SPX,5.36E-06,7.83E-06,3735.41,,
20201229,.SPX,2.77E-05,3.67E-05,3727.52,,
20201230,.SPX,5.63E-06,1.10E-05,3732.62,,
20201231,.SPX,1.75E-05,1.35E-05,3754.86,,
20210104,.SPX,0.000156914,0.000127334,3701.09,,
20210105,.SPX,6.74E-05,6.67E-05,3727.21,,
20210106,.SPX,0.000111984,0.000124217,3748.46,,
20210107,.SPX,4.18E-05,4.87E-05,3803.68,,
20210108,.SPX,6.34E-05,6.20E-05,3824.59,,
20210112,.SPX,4.07E-05,3.84E-05,3800.96,,
20210113,.SPX,1.58E-05,2.45E-05,3809.89,,
20210114,.SPX,1.61E-05,2.19E-05,3795.8,,
20210115,.SPX,7.65E-05,6.94E-05,3768.22,,
20210119,.SPX,1.85E-05,3.13E-05,3798.84,,
20210120,.SPX,2.26E-05,2.20E-05,3851.39,,
20210121,.SPX,1.76E-05,1.57E-05,3853.43,,
20210122,.SPX,2.31E-05,2.28E-05,3841.07,,
20210125,.SPX,0.000149804,0.000121223,3855.38,,
20210126,.SPX,1.67E-05,2.68E-05,3849.69,,
20210127,.SPX,0.000291735,0.000256632,3752.86,,
20210128,.SPX,0.000110796,0.000146366,3786.84,,
20210129,.SPX,0.000213036,0.000256585,3713.97,,
20210201,.SPX,7.38E-05,0.000101226,3773.64,,
20210202,.SPX,4.88E-05,7.66E-05,3826.25,,
20210203,.SPX,2.83E-05,3.36E-05,3829.93,,
20210204,.SPX,1.64E-05,2.03E-05,3871.84,,
20210205,.SPX,1.68E-05,2.25E-05,3886.75,,
20210208,.SPX,1.71E-05,2.23E-05,3915.63,,
20210209,.SPX,9.41E-06,9.39E-06,3911.19,,
20210210,.SPX,6.49E-05,7.79E-05,3910.02,,
20210211,.SPX,3.31E-05,4.30E-05,3916.28,,
20210212,.SPX,1.69E-05,1.45E-05,3935.07,,
20210216,.SPX,1.82E-05,4.22E-05,3932.25,,
20210217,.SPX,3.21E-05,4.01E-05,3931.41,,
20210218,.SPX,3.88E-05,4.36E-05,3913.99,,
20210219,.SPX,1.88E-05,2.82E-05,3906.76,,
20210222,.SPX,2.65E-05,3.54E-05,3876.65,,
20210223,.SPX,0.000164788,0.000145056,3881.3,,
20210224,.SPX,5.22E-05,5.00E-05,3925.35,,
20210225,.SPX,0.000198746,0.000136487,3829.21,,
20210226,.SPX,0.000286042,0.000277172,3809.32,,
20210301,.SPX,5.69E-05,8.50E-05,3901.48,,
20210302,.SPX,6.47E-05,7.25E-05,3870.37,,
20210303,.SPX,8.19E-05,0.000121379,3819.27,,
20210304,.SPX,0.000398321,0.000385514,3769.22,,
20210305,.SPX,0.000213617,0.000243469,3841.46,,
20210308,.SPX,0.000145654,0.000161324,3821.12,,
20210309,.SPX,6.07E-05,5.56E-05,3875.12,,
20210310,.SPX,3.90E-05,8.61E-05,3898.66,,
20210311,.SPX,2.67E-05,3.93E-05,3939.27,,
20210312,.SPX,2.06E-05,2.87E-05,3943.64,,
20210315,.SPX,3.89E-05,2.61E-05,3968.78,,
20210316,.SPX,2.15E-05,2.13E-05,3962.51,,
20210317,.SPX,6.24E-05,6.56E-05,3974.27,,
20210318,.SPX,5.92E-05,5.47E-05,3915.73,,
20210319,.SPX,6.57E-05,6.90E-05,3911.21,,
20210322,.SPX,2.06E-05,1.50E-05,3940.5,,
20210323,.SPX,5.37E-05,3.91E-05,3910.33,,
20210324,.SPX,5.99E-05,6.67E-05,3889.07,,
20210325,.SPX,8.54E-05,0.000101325,3909.83,,
20210326,.SPX,8.75E-05,8.36E-05,3974.81,,
20210329,.SPX,5.64E-05,5.66E-05,3971.6,,
20210330,.SPX,2.30E-05,3.39E-05,3959.8,,
20210331,.SPX,1.80E-05,1.50E-05,3973.95,,
20210401,.SPX,1.07E-05,1.55E-05,4019.95,,
20210405,.SPX,2.84E-05,4.07E-05,4077.63,,
20210406,.SPX,1.22E-05,1.32E-05,4074.13,,
20210407,.SPX,1.19E-05,1.40E-05,4079.7,,
20210408,.SPX,5.08E-06,8.05E-06,4097.43,,
20210409,.SPX,1.41E-05,9.90E-06,4128.6,,
20210412,.SPX,1.12E-05,1.49E-05,4128.4,,
20210413,.SPX,7.24E-06,7.23E-06,4141.54,,
20210414,.SPX,2.58E-05,3.27E-05,4126.16,,
20210415,.SPX,1.78E-05,2.28E-05,4170.52,,
20210416,.SPX,8.94E-06,1.31E-05,4185.67,,
20210419,.SPX,3.09E-05,3.77E-05,4164.02,,
20210420,.SPX,3.59E-05,3.55E-05,4135.01,,
20210421,.SPX,2.10E-05,1.78E-05,4173.59,,
20210422,.SPX,8.83E-05,8.07E-05,4134.93,,
20210423,.SPX,2.54E-05,1.80E-05,4180.12,,
20210426,.SPX,5.45E-06,1.44E-05,4187.79,,
20210427,.SPX,9.08E-06,1.51E-05,4186.62,,
20210428,.SPX,1.49E-05,1.89E-05,4183.81,,
20210429,.SPX,3.31E-05,3.00E-05,4211.61,,
20210430,.SPX,1.65E-05,2.93E-05,4181.61,,
20210503,.SPX,1.17E-05,2.24E-05,4192.8,,
20210504,.SPX,6.57E-05,5.97E-05,4165.63,,
20210505,.SPX,2.64E-05,2.35E-05,4167.87,,
20210506,.SPX,6.45E-05,5.82E-05,4201.46,,
20210507,.SPX,2.47E-05,2.49E-05,4232.05,,
20210510,.SPX,3.76E-05,2.41E-05,4188.61,,
20210511,.SPX,0.000128539,0.000135515,4152.25,,
20210512,.SPX,6.54E-05,7.28E-05,4063.23,,
20210513,.SPX,0.00011791,0.000117363,4111.97,,
20210514,.SPX,2.15E-05,3.84E-05,4173.63,,
20210517,.SPX,2.34E-05,4.38E-05,4163.77,,
20210518,.SPX,4.71E-05,3.75E-05,4127.77,,
20210519,.SPX,0.000112221,0.000135778,4116.14,,
20210520,.SPX,3.63E-05,3.10E-05,4159.36,,
20210521,.SPX,2.88E-05,4.27E-05,4156.23,,
20210524,.SPX,1.66E-05,1.51E-05,4197.23,,
20210525,.SPX,1.75E-05,2.11E-05,4188.31,,
20210526,.SPX,1.18E-05,1.19E-05,4196.26,,
20210527,.SPX,6.47E-06,1.05E-05,4199.34,,
20210528,.SPX,6.73E-06,7.59E-06,4204.77,,
20210601,.SPX,1.96E-05,2.88E-05,4202.07,,
20210602,.SPX,9.97E-06,1.15E-05,4208.2,,
20210603,.SPX,4.27E-05,3.35E-05,4192.79,,
20210604,.SPX,7.57E-06,9.22E-06,4230.03,,
20210607,.SPX,7.49E-06,7.74E-06,4226.45,,
20210608,.SPX,2.16E-05,1.63E-05,4227.25,,
20210609,.SPX,4.52E-06,5.23E-06,4219.82,,
20210610,.SPX,3.06E-05,2.62E-05,4239.38,,
20210611,.SPX,6.71E-06,7.18E-06,4247.43,,
20210614,.SPX,1.35E-05,1.14E-05,4255.35,,
20210615,.SPX,7.66E-06,1.05E-05,4247.31,,
20210616,.SPX,5.42E-05,6.90E-05,4223.91,,
20210617,.SPX,5.62E-05,4.70E-05,4221.84,,
20210618,.SPX,3.42E-05,7.46E-05,4166.03,,
20210621,.SPX,2.99E-05,1.87E-05,4224.66,,
20210622,.SPX,1.35E-05,9.12E-06,4246.38,,
20210623,.SPX,8.53E-06,1.26E-05,4241.96,,
20210624,.SPX,6.44E-06,9.81E-06,4266.39,,
20210625,.SPX,3.00E-06,2.79E-06,4280.98,,
20210628,.SPX,7.43E-06,6.43E-06,4290.52,,
20210629,.SPX,4.07E-06,6.32E-06,4291.91,,
20210630,.SPX,3.16E-06,5.90E-06,4297.32,,
20210701,.SPX,5.54E-06,7.79E-06,4319.76,,
20210702,.SPX,5.12E-06,5.01E-06,4352.82,,
20210706,.SPX,2.52E-05,2.49E-05,4343.44,,
20210707,.SPX,2.24E-05,2.82E-05,4358.77,,
20210708,.SPX,4.07E-05,7.54E-05,4321.96,,
20210709,.SPX,1.48E-05,1.77E-05,4369.15,,
20210712,.SPX,5.95E-06,6.94E-06,4384.91,,
20210713,.SPX,1.19E-05,1.92E-05,4369.67,,
20210714,.SPX,2.37E-05,2.56E-05,4374.93,,
20210715,.SPX,2.48E-05,3.60E-05,4360.01,,
20210716,.SPX,2.50E-05,2.62E-05,4326.97,,
20210719,.SPX,8.86E-05,0.000113287,4259.57,,
20210720,.SPX,5.52E-05,4.22E-05,4323.35,,
20210721,.SPX,1.19E-05,1.69E-05,4358.73,,
20210722,.SPX,9.28E-06,1.39E-05,4367.63,,
20210723,.SPX,1.16E-05,1.18E-05,4411.75,,
20210726,.SPX,7.07E-06,7.70E-06,4422.37,,
20210727,.SPX,4.34E-05,4.80E-05,4402.28,,
20210728,.SPX,2.11E-05,2.88E-05,4400.62,,
20210729,.SPX,1.24E-05,1.86E-05,4418.98,,
20210730,.SPX,2.10E-05,2.04E-05,4395.57,,
20210802,.SPX,2.17E-05,2.32E-05,4387.14,,
20210803,.SPX,3.98E-05,3.44E-05,4423.24,,
20210804,.SPX,1.14E-05,1.24E-05,4402.67,,
20210805,.SPX,6.44E-06,5.95E-06,4429.18,,
20210806,.SPX,8.68E-06,1.33E-05,4436.62,,
20210809,.SPX,7.41E-06,8.21E-06,4432.27,,
20210810,.SPX,1.01E-05,1.09E-05,4437.01,,
20210811,.SPX,4.06E-06,7.19E-06,4447.76,,
20210812,.SPX,5.50E-06,5.58E-06,4460.44,,
20210813,.SPX,2.25E-06,5.78E-06,4468.18,,
20210816,.SPX,2.05E-05,1.85E-05,4479.89,,
20210817,.SPX,4.11E-05,4.50E-05,4448.52,,
20210818,.SPX,4.53E-05,4.18E-05,4400.37,,
20210819,.SPX,7.91E-05,6.12E-05,4405.85,,
20210820,.SPX,2.12E-05,1.87E-05,4441.59,,
20210823,.SPX,1.67E-05,1.74E-05,4479.56,,
20210824,.SPX,3.22E-06,3.42E-06,4486.37,,
20210825,.SPX,3.21E-06,4.91E-06,4496.24,,
20210826,.SPX,1.94E-05,1.78E-05,4469.76,,
20210827,.SPX,1.88E-05,1.46E-05,4509.36,,
20210830,.SPX,7.76E-06,6.31E-06,4528.76,,
20210831,.SPX,9.67E-06,1.25E-05,4522.73,,
20210901,.SPX,3.62E-06,7.45E-06,4524.12,,
20210902,.SPX,1.02E-05,1.04E-05,4537.2,,
20210903,.SPX,8.35E-06,9.43E-06,4535.63,,
20210907,.SPX,1.34E-05,1.26E-05,4520.33,,
20210908,.SPX,2.87E-05,2.78E-05,4514.45,,
20210909,.SPX,2.81E-05,2.55E-05,4493.63,,
20210910,.SPX,3.83E-05,2.98E-05,4458.97,,
20210914,.SPX,3.44E-05,2.94E-05,4443.59,,
20210915,.SPX,2.18E-05,3.44E-05,4481.25,,
20210916,.SPX,3.68E-05,3.58E-05,4474.05,,
20210917,.SPX,2.53E-05,3.98E-05,4432.51,,
20210920,.SPX,0.000120884,0.000139237,4357.69,,
20210921,.SPX,8.34E-05,9.50E-05,4353.61,,
20210922,.SPX,6.58E-05,6.65E-05,4395.74,,
20210923,.SPX,4.13E-05,3.40E-05,4448.48,,
20210924,.SPX,1.86E-05,2.93E-05,4455.53,,
20210927,.SPX,1.70E-05,1.80E-05,4443.38,,
20210928,.SPX,0.000102372,7.69E-05,4352.77,,
20210929,.SPX,5.44E-05,5.24E-05,4359.84,,
20210930,.SPX,0.000121048,0.000103701,4306.24,,
20211001,.SPX,8.13E-05,8.30E-05,4357.33,,
20211004,.SPX,8.99E-05,0.000128333,4300.69,,
20211005,.SPX,5.26E-05,4.06E-05,4345.78,,
20211006,.SPX,0.000133984,0.00011168,4363.62,,
20211007,.SPX,4.96E-05,5.59E-05,4400.18,,
20211008,.SPX,2.38E-05,2.91E-05,4391.7,,
20211011,.SPX,4.71E-05,3.01E-05,4361.01,,
20211012,.SPX,3.35E-05,5.24E-05,4350.4,,
20211013,.SPX,4.05E-05,5.05E-05,4364.85,,
20211014,.SPX,2.30E-05,2.95E-05,4438.11,,
20211015,.SPX,1.17E-05,2.00E-05,4471.59,,
20211018,.SPX,1.98E-05,2.34E-05,4486.26,,
20211019,.SPX,9.24E-06,1.28E-05,4520.22,,
20211020,.SPX,1.09E-05,1.22E-05,4536.77,,
20211021,.SPX,9.72E-06,9.86E-06,4549.51,,
20211022,.SPX,3.07E-05,3.03E-05,4544.86,,
20211025,.SPX,1.63E-05,1.11E-05,4567.38,,
20211026,.SPX,2.29E-05,2.76E-05,4574.13,,
20211027,.SPX,2.44E-05,2.65E-05,4551.75,,
20211028,.SPX,1.93E-05,2.28E-05,4596.04,,
20211029,.SPX,2.60E-05,1.46E-05,4605.45,,
20211101,.SPX,1.47E-05,2.46E-05,4613.65,,
20211102,.SPX,9.52E-06,1.25E-05,4630.93,,
20211103,.SPX,1.98E-05,2.19E-05,4660.62,,
20211104,.SPX,1.80E-05,1.90E-05,4680.71,,
20211105,.SPX,1.97E-05,3.08E-05,4697.54,,
20211108,.SPX,8.57E-06,2.05E-05,4701.76,,
20211109,.SPX,3.66E-05,3.53E-05,4685.29,,
20211110,.SPX,2.92E-05,3.18E-05,4646.44,,
20211111,.SPX,8.50E-06,9.93E-06,4649.2,,
20211112,.SPX,1.86E-05,1.61E-05,4682.87,,
20211115,.SPX,1.25E-05,1.95E-05,4683.07,,
20211116,.SPX,2.00E-05,1.40E-05,4701.44,,
20211117,.SPX,1.40E-05,1.58E-05,4688.98,,
20211118,.SPX,2.81E-05,2.25E-05,4704.76,,
20211119,.SPX,1.48E-05,2.22E-05,4698.11,,
20211122,.SPX,8.84E-05,4.32E-05,4682.85,,
20211123,.SPX,6.25E-05,6.50E-05,4690.71,,
20211124,.SPX,2.17E-05,3.11E-05,4701.63,,
20211126,.SPX,8.90E-05,0.000107783,4594.62,,
20211129,.SPX,3.08E-05,3.69E-05,4654.86,,
20211130,.SPX,0.000153648,0.000116493,4568.02,,
20211201,.SPX,0.000206387,0.00016311,4511.93,,
20211202,.SPX,0.000186658,0.000176163,4577.71,,
20211203,.SPX,0.000197824,0.000217586,4538.93,,
20211206,.SPX,5.09E-05,8.73E-05,4592.01,,
20211207,.SPX,5.61E-05,4.88E-05,4687.12,,
20211208,.SPX,1.13E-05,2.91E-05,4700.89,,
20211209,.SPX,2.08E-05,2.51E-05,4667.42,,
20211210,.SPX,3.84E-05,4.45E-05,4712.05,,
20211213,.SPX,3.77E-05,3.53E-05,4669.5,,
20211214,.SPX,6.06E-05,4.81E-05,4634.93,,
20211215,.SPX,0.00013675,0.000109577,4709.74,,
20211216,.SPX,7.17E-05,8.99E-05,4668.59,,
20211217,.SPX,0.000177795,0.000157327,4619.98,,
20211220,.SPX,5.66E-05,0.000115917,4568.59,,
20211221,.SPX,5.92E-05,6.13E-05,4649.35,,
20211222,.SPX,2.54E-05,2.21E-05,4696.48,,
20211223,.SPX,2.20E-05,2.35E-05,4725.38,,
20211227,.SPX,2.11E-05,1.79E-05,4791.47,,
20211228,.SPX,1.68E-05,3.03E-05,4787.26,,
20211229,.SPX,1.48E-05,1.83E-05,4793.2,,
20211230,.SPX,1.57E-05,1.47E-05,4779.03,,
20211231,.SPX,2.05E-05,2.80E-05,4766.39,,
